﻿Course_ID,Course_Title,Course_Fee,Num_Lectures,Course_Level
CID153198,Basics of Economics (College Level),$13 ,20,All Levels
CID153201,Stock Market Investing for Beginners,$25 ,15,Beginner Level
CID153215,Accounting for Beginners : Learn Basics in under 1 Hour,$31 ,20,Beginner Level
CID153224,Straddle Options Trading - Profit in Any Market Direction,$20 ,19,All Levels
CID153228,Fundamentals of Forex Trading,$20 ,23,All Levels
CID153251,"Binary Options: Trading Strategies, 90% Accuracy and Signals",$56 ,24,Beginner Level
CID153272,Website Investing 101 - Buying & Selling Online Businesses,$48 ,51,All Levels
CID153274,Practical Accounts & Bookkeeping Automated Overview ,$72 ,30,All Levels
CID153285,Live Account - ETF Trading System - Hacking The Stock Market,$19 ,16,All Levels
CID153291,Stock Market Leverage: How to Start Trading Options Wisely,$20 ,13,Beginner Level
CID153296,Stock Market Foundations,$20 ,9,Beginner Level
CID153308,Crash Course on Working Capital Management,$29 ,8,All Levels
CID153316,Advanced Accounting A Complete Study for CA / CMA / CFA / CS,$24 ,462,All Levels
CID153326,61% Profit In 1 Month - Crush Your Forex Trading Paradigm,$16 ,25,All Levels
CID153337,How to create a routine Trading,$20 ,5,All Levels
CID153340,Ultimate Investment Banking CourseB31B23B2B2:M54,$34 ,51,All Levels
CID153346,Complete GST Course & Certification - Grow Your CA Practice,$20 ,274,All Levels
CID153364,Financial Modeling for Business Analysts and Consultants,$20 ,51,Intermediate Level
CID153402,Beginner to Pro - Financial Analysis in Excel 2017,$24 ,36,All Levels
CID153407,How To Maximize Your Profits Trading Options,$20 ,26,Intermediate Level
CID153420,Trading Penny Stocks: A Guide for All Levels In 2017,$44 ,25,All Levels
CID153426,Investing And Trading For Beginners: Mastering Price Charts,$28 ,26,Beginner Level
CID153455,"Trading Stock Chart Patterns For Immediate, Explosive Gains",$20 ,23,All Levels
CID153456,Options Trading 3 : Advanced Stock Profit and Success Method,$12 ,38,Expert Level
CID153475,The Only Investment Strategy You Need For Your Retirement,$54 ,15,All Levels
CID153485,Forex Trading Secrets of the Pros With Amazon's AWS,$75 ,76,All Levels
CID153486,Trading Options With Money Flow,$20 ,17,All Levels
CID153501,Financial Management Risk and Return For Securities,$20 ,19,All Levels
CID153506,Forex Trading Course: Work Smarter Not Harder Proven Results,$20 ,16,All Levels
CID153522,Python Algo Trading: Sentiment Trading with News,$20 ,42,All Levels
CID153578,Short Selling: Learn To Sell Stocks Before The Fall,$20 ,19,Intermediate Level
CID153585,Basic Technical Analysis: Learn the structure of the market,$20 ,16,Beginner Level
CID153592,The Complete Chart Pattern Trading Course: A Proven Approach,$20 ,52,All Levels
CID153618,7 Deadly Mistakes of Investing that Will Slash Your Profits!,$72 ,23,All Levels
CID153628,Financial Statements Made Easy,$20 ,12,Beginner Level
CID153630,Bookkeeping Made Easy,$52 ,18,Beginner Level
CID153633,BITCOIN VISUALLY. Part I.,$20 ,31,Beginner Level
CID153658,Learn and Master the Basics of Finance,$20 ,39,Beginner Level
CID153718,FOREX : LearnTo Trade the Improved ( Advanced ) Patterns,$74 ,27,All Levels
CID153720,Mastering the Market : (Technical Analysis + Candlestick),$48 ,97,All Levels
CID153772,Mastering Countertrend Trading : High Profit Trading Pattern,$18 ,11,All Levels
CID153782,Exam 1 Review - Managerial Accounting (U of H),$64 ,22,Beginner Level
CID153783,An Integrated Approach to the Fundamentals of Accounting,$75 ,123,All Levels
CID153794,Get to grips with the CFA calculator,$20 ,14,All Levels
CID153814,Financial Model Fundamentals-Learn the Essential Skills,$57 ,27,All Levels
CID153824,Forex: Economic News Trading,$59 ,11,All Levels
CID153865,Analyze Real Estate Investments | Financial Modeling,$40 ,21,All Levels
CID153866,Forex For Beginners - A Guide To Currency Trading,$93 ,23,Beginner Level
CID153869,Raise Your Credit Score to 800 Or More....,$33 ,40,All Levels
CID153875,Financial Management Budgeting Techniques,$20 ,10,All Levels
CID153877,Forex Killing Divergence - How to trade with precision,$10 ,11,All Levels
CID153880,Working Capital Management for CA / CFA / CPA Exams,$20 ,33,Intermediate Level
CID153881,Risk Analysis - Capital Budgeting for CA / CS / CFA exams,$42 ,47,All Levels
CID153894,Corporate Finance 101: Financial Statement Analysis & Ratios,$18 ,43,All Levels
CID153917,Mastering Futures Options for Beginners - Your Top 5 Plays!,$26 ,33,Beginner Level
CID153938,"Professional Options Trading, Simplified",$20 ,21,All Levels
CID153945,"Advanced Options Concepts - Probability, Greeks, Simulation",$84 ,10,Intermediate Level
CID153949,Accounting Basics - A Complete Study,$20 ,332,All Levels
CID153998,Case Studies in Macro Economics,$20 ,22,Beginner Level
CID154009,My Forex Strategy that win consistently over and over,$74 ,9,Intermediate Level
CID154026,Understand Banks & Financial Markets ,$20 ,34,All Levels
CID154045,Stock Technical Analysis with Python,$20 ,46,All Levels
CID154056,How to Become an Accountant from scratch!,$15 ,15,Beginner Level
CID154070,How to invest in Gold,$31 ,39,Beginner Level
CID154442,Automate Your Finances,$20 ,21,Beginner Level
CID154470,MBA Accounting and Finance for Managers(Paper MS04 of IGNOU),$39 ,272,All Levels
CID154472,Accounting Made Easy: A Quick Guide to Financial Accounting,$79 ,18,All Levels
CID154484,Futures/Commodity Training (Basics),$60 ,6,Beginner Level
CID154515,Cost Accounting Marginal Costing Theory and Practice,$22 ,31,All Levels
CID154519,The Big Volatility Short: The Best Trade On Wall Street!,$20 ,16,All Levels
CID154520,Master Finance in Three Hours,$32 ,29,Beginner Level
CID154525,Learn Options on Futures for Hedging Options and Stocks,$20 ,6,Expert Level
CID154539,Option selling trading as income source. Beginners friendly,$69 ,61,All Levels
CID154554,Introduction to Value Growth Investing,$31 ,10,All Levels
CID154557,Become A Forex Trader - Forex trading like a professional,$20 ,19,All Levels
CID154568,Hedge Fund Trading System,$20 ,12,All Levels
CID154579,Bulletproof Personal Finance: Expert Asset Allocation,$10 ,18,All Levels
CID154593,Financial Accounting: The Complete Introductory Crash Course,$49 ,69,All Levels
CID154598,Learn About Trading Options from a real wallstreet trader,$20 ,12,All Levels
CID154604,Forex Rate -Why it fluctuates -for CA / CMA / CS / CFA Exams,$61 ,7,All Levels
CID154607,How to Build a Massive Stock Portfolio from Zero!,$20 ,129,All Levels
CID154613,Introductory Forex Trading Course,$33 ,15,Beginner Level
CID154633,Budgeting Hacks to Build Wealth!,$65 ,7,Beginner Level
CID154641,Accounting and Finance for Bankers - A Comprehensive Study,$29 ,316,All Levels
CID154651,Forex Prep Academy for Beginners-Real trades!,$34 ,44,Beginner Level
CID154653,Accounting for Deferred Taxes (Professional Course Level),$86 ,11,All Levels
CID154655,TRADING TRUTHS,$57 ,27,All Levels
CID154656,The Binary Institute - Introductory Course in Binary Options,$20 ,6,All Levels
CID154703,Forex Trading vs Option Trading,$50 ,29,All Levels
CID154727,How to Invest in Stocks + Billionaire Investing Tips,$24 ,19,All Levels
CID154729,Value Investing For Beginners,$73 ,25,Beginner Level
CID154730,TRADING TACTICS,$20 ,62,All Levels
CID154735,MQL4 Tutorial Bootcamp - Trading Robot Coding in Metatrader4,$86 ,23,Beginner Level
CID154737,Ultimate Retirement: Build Your Own Dynamic Retirement Plan,$41 ,37,All Levels
CID154739,build a solid foundation for trading options,$28 ,8,All Levels
CID154755,Forex Scam: Avoid the scam today,$43 ,28,All Levels
CID154756,Cost Accounting Crash Course,$20 ,17,All Levels
CID154760,Option Trading for Rookies: Basic Option Strategies,$20 ,61,All Levels
CID154784,Business Analysis:  Working with Use Cases,$20 ,5,All Levels
CID154789,Learn to Raise the Funds You Need via Crowdfunding,$43 ,70,All Levels
CID154793,Business finances,$13 ,20,Beginner Level
CID154800,Financial Accounting - A Brief Introduction,$25 ,17,Beginner Level
CID154826,Trading Economic Indicators - Complete Trading System,$31 ,25,Beginner Level
CID154845,Foundation of Options Trading and Investing,$47 ,14,All Levels
CID154873,Option Trading - How To Earn If You Can't Predict The Market,$20 ,30,All Levels
CID154878,The Financial Analyst Skills Training (FAST) course 2017,$56 ,138,All Levels
CID154892,Covered Calls - Powerful Income Strategy for Stock Traders,$48 ,8,Beginner Level
CID154896,Accounting 1 Simplified for You,$20 ,13,Beginner Level
CID154907,[Value Investing] Where White People Keep Their Money,$19 ,20,Expert Level
CID154919,How to Start Investing: Made Simple and Easy,$20 ,12,All Levels
CID154991,Basics of Commerce A Complete Study,$20 ,105,All Levels
CID155018,The Passive Investing Blueprint - Build Wealth Passively,$29 ,66,All Levels
CID155054,7 Steps: Your Introduction to Trading,$24 ,176,Beginner Level
CID155073,Forex - Elliott Wave Theory with Fibonacci. ,$16 ,32,All Levels
CID155078,The Actuarial Profession: Basic Sciences and Principles,$74 ,7,Beginner Level
CID155081,Investing in stocks: Avoid stock market loss,$34 ,13,Beginner Level
CID155091,QuickBooks Online: Complete Guide & Certification tips,$20 ,91,All Levels
CID155093,Build Financial Models & Value Companies The Easy Way,$72 ,18,All Levels
CID155112,Adventure Capital: How to pay off debt ,$24 ,14,Beginner Level
CID155124,Chart Patterns Trading Demystified,$60 ,29,All Levels
CID155129,Financial Planning & Analysis: Building a Company's Budget,$44 ,27,All Levels
CID155144,Simple things you must know before start FOREX (OFFER),$28 ,15,Beginner Level
CID155156,Practical Finance,$20 ,11,All Levels
CID155170,Forex Trading: Comprehensive & Concise Forex Trading Course,$12 ,44,All Levels
CID155194,Leaps Options Trading System - Diagonal Leaps Options Spread,$54 ,16,All Levels
CID155197,Finance - Ratios Analysis & Interpretations,$20 ,41,Beginner Level
CID155200,Forex Trading -  Learn to Trade From Scratch!,$20 ,37,Beginner Level
CID155216,Technical Analysis tools for Stocks and Options trading,$20 ,11,All Levels
CID155240,Quantitative Trading Analysis with R,$37 ,53,All Levels
CID155252,Penny Stocks King: How 2 really Trade Penny Stocks (6 Hours),$20 ,48,All Levels
CID155294,Get Started With Penny Stocks -Step by Step Guide to Trading,$20 ,18,All Levels
CID155305,CPA 101: How To Master Affiliate Marketing In No Time,$62 ,21,All Levels
CID155312,Corporate Internal Controls and Fraud Controls,$20 ,12,Intermediate Level
CID155315,"Forex trading tactics, that work!",$20 ,5,Beginner Level
CID155316,Professional Risk Manager (PRM) Certification: Level 2,$75 ,55,All Levels
CID155324,Trading Options Basics,$52 ,8,Beginner Level
CID155377,Practical Trading on Financial Futures & Options Markets,$20 ,25,Beginner Level
CID155402,Bookkeeping made simple,$82 ,19,Beginner Level
CID155423,The Visual Learning Basic Accounting Course,$74 ,6,Beginner Level
CID155424,ChalkTalk: Financial Accounting,$48 ,108,All Levels
CID155427,The 7 fundamentals to Successful Cashflow Management,$18 ,12,All Levels
CID155429,How to trade options,$64 ,9,Intermediate Level
CID155487,Coaching Course:Investment Analysis for your clients,$20 ,6,Intermediate Level
CID155489,Harnessing the Power of Growth Stocks,$20 ,7,Intermediate Level
CID155493,The Investment Banking Recruitment Series,$20 ,26,All Levels
CID155548,Business Banking 101,$59 ,14,All Levels
CID155553,CFA Level I Workshop 2: Financial Reporting & Analysis I ,$40 ,5,All Levels
CID155555,Breakout Patterns Workshop by Pattern Trader,$20 ,15,All Levels
CID155559,Asset Protection Using Offshore Companies,$33 ,21,All Levels
CID155565,Get Credit for Your EIN That's Not Linked to Your SSN,$20 ,15,Beginner Level
CID155573,Financial Translation,$10 ,29,Beginner Level
CID155580,How to Pick Stocks,$20 ,28,All Levels
CID155581,Binary Beginners Mastery Strategy.,$42 ,14,Beginner Level
CID155585,Accounting 101-Master Class for Understanding Business,$18 ,43,All Levels
CID155603,High-Frequency Trading & Dark Pools,$26 ,22,Beginner Level
CID155604,Accounting - The 6 most important rules you must learn,$20 ,9,All Levels
CID155618,Mutual Funds for Investors in Retirement Accounts,$20 ,0,All Levels
CID155619,Free Ways to Create Passive Income Online,$20 ,27,Beginner Level
CID155623,Understanding Financial Statements,$20 ,10,All Levels
CID155638,The Cash Flow Statement - An Introduction,$20 ,10,Beginner Level
CID155659,"Options Foundation - Time Decay, Implied Volatility, Greeks",$20 ,14,Beginner Level
CID155662,Buying Call and Put Options - Options beginner strategies,$46 ,14,Intermediate Level
CID155671,How To Trade RSI Pullback Strategy: Entry To Exit (Forex),$15 ,21,All Levels
CID155677,Valuation of Goodwill for CA / CFA / CMA Exams,$31 ,9,All Levels
CID155697,Forex - Catch the Big Market Moves in Forex,$20 ,14,Intermediate Level
CID155707,SEASON 2 MQL4 Tutorial Bootcamp - Metatrader4 Trading Robots,$39 ,34,All Levels
CID155894,Intermediate Accounting 1: Easy. Fast. Simple!,$79 ,35,Intermediate Level
CID155904,Global Macro Investing - Take Control Of The World's Markets,$60 ,27,Intermediate Level
CID155907,How to Read a Balance Sheet,$22 ,64,Beginner Level
CID155961,Credit Repair from a Financial Institution,$20 ,9,All Levels
CID155988,The Binary Institute -  Binary Options Trading Course,$32 ,12,All Levels
CID156112,Mental Models For Wall Street - Become A Better Trader,$20 ,35,All Levels
CID156129,æ ªå¼æŠ•è³‡ã«å‘ãæ€§æ ¼ã«å¤‰ãˆã‚‹ãŸã‚ã®å¿ƒç†å­¦ã‚’å­¦ã¶,$20 ,28,All Levels
CID156143,MatemÃ¡tica Financeira com HP12C e MS Excel,$31 ,30,Beginner Level
CID156326,Â¡Triunfar en La Bolsa de Valores No Requiere de Experiencia!,$20 ,6,Beginner Level
CID156370,CÃ³mo Crear PolÃ­ticas Contables bajo NIIF para PYMES,$20 ,6,All Levels
CID156371,Finanzas Personales para Vivir Libre de Deudas,$10 ,77,Beginner Level
CID156372,Finanzas personales: Logrando la Libertad Financiera,$49 ,12,Beginner Level
CID156373,æ ªå¼æŠ•è³‡ã§æœ¬å½“ã®ãƒ†ã‚¯ãƒ‹ã‚«ãƒ«åˆ†æžãŒã§ãã‚‹ã‚ˆã†ã«ãªã‚‹,$95 ,45,Intermediate Level
CID156386,Aktiver VermÃ¶gensaufbau mit ETF,$61 ,33,Beginner Level
CID156396,Socorro! Preciso Organizar as Minhas FinanÃ§as!,$70 ,37,All Levels
CID156409,Curso Completo de Opciones Binarias: Estrategias 90% Acierto,$33 ,26,All Levels
CID156416,Le basi del Trading,$65 ,18,All Levels
CID156417,ã€å€‹äººäº‹æ¥­ä¸»å‘ã‘ã€‘é’è‰²ç”³å‘Šã®è¨˜å¸³ã‚’è‡ªåŠ›ã§è¡Œã†ãŸã‚ã®è¤‡å¼ç°¿è¨˜ã®åŸºæœ¬,$29 ,37,Beginner Level
CID156422,Profit and Loss Account for bankers and credit analysts,$34 ,31,Beginner Level
CID156424,Business Accounts For Managers,$20 ,23,Beginner Level
CID156438,Black Scholes Option Pricing Model,$20 ,10,Beginner Level
CID156447,Chief Wealth Officer,$67 ,7,Beginner Level
CID156449,Practical Accounts Training A,$50 ,127,Intermediate Level
CID156450,International Trade and New Geographic Economy,$24 ,6,All Levels
CID156451,2. Principles of Simple Interest - advanced problems,$73 ,12,Intermediate Level
CID156526,School of Raising Capital: Agile Financial Modeling,$20 ,11,All Levels
CID156528,How to Read Financial Statements,$20 ,59,Beginner Level
CID156533,"Intro. to Asset-Backed Securities, CFA Level I,  2017 Prep",$20 ,13,All Levels
CID156550,Reach Your Personal Financial Goals the Easy Way (2017 UK),$28 ,59,All Levels
CID156553,Bitesize Bookkeeping for busy people,$43 ,13,Beginner Level
CID156562,Do Your Own Accounts,$63 ,13,All Levels
CID156566,CFA Level 1 - Derivatives,$20 ,25,All Levels
CID156639,Accounting for everyone! ,$20 ,14,Beginner Level
CID156641,Stock Fundamental Analysis with Excel,$43 ,50,All Levels
CID156673,Financial Accounting For Beginners,$13 ,22,All Levels
CID156693,Trading: How Transformative Learning Drives Expertise,$25 ,16,All Levels
CID156698,Manual Bookkeeping,$31 ,26,Intermediate Level
CID156700,Numeracy skills in business and everyday life:Think and Deal,$47 ,15,Beginner Level
CID156717,Financial Modelling in Excel Step by Step,$20 ,17,Intermediate Level
CID156973,Straight From Business School: Create Financial Statements,$56 ,5,Beginner Level
CID156977,How To Pay Less Tax (UK version),$48 ,98,All Levels
CID156978,Interpreting financial statements,$20 ,54,All Levels
CID156979,Forex trading with binary options,$19 ,21,All Levels
CID156982,Triple P Trading Course,$20 ,16,All Levels
CID157004,Cost Accounting - A Comprehensive Study,$20 ,286,All Levels
CID157024,How to become a successful day trader,$29 ,27,All Levels
CID157032,Essentials of Finance and Investment in 2 hours,$24 ,14,Beginner Level
CID157074,Public Speaking: You Can Give Great Financial Presentations,$16 ,23,All Levels
CID157091,Professional Trading - Consistent Profits with Low Risk!,$20 ,27,All Levels
CID157148,Trading for winning,$34 ,27,All Levels
CID157171,Succeed in Stocks Even if you Don't Know Where to Start,$20 ,10,Beginner Level
CID157178,Options Basics & Trading With Small Capital! - Level 1,$72 ,19,Beginner Level
CID157181,Forex trading Basic to advance Professional Level course,$24 ,28,All Levels
CID157191,Day Trading in Stocks: Strategies for Beginner Investors,$60 ,9,All Levels
CID157195,Learn to Trade Forex Big U-Turn Trade,$44 ,12,Beginner Level
CID157247,"Technical Analysis Primer for trading Stocks, Bonds & Forex",$28 ,36,Beginner Level
CID157271,DIY: Reduce Unpaid Federal Tax thru  IRS Offer in Compromise,$20 ,8,All Levels
CID157279,Stock Trading with this Strategy,$12 ,6,All Levels
CID157300,The Psychology of Trading,$20 ,20,All Levels
CID157305,Professional Forex Strategy+2 weeks for FREE trading alerts,$20 ,15,All Levels
CID157311,Stock Trading Essentials for Day Traders,$20 ,9,All Levels
CID157312,Basics of Finance and Budgeting,$75 ,34,Beginner Level
CID157564,Portfolio Management CFA L1 2016,$20 ,34,All Levels
CID157566,"Trade Stocks, Forex & Financial Markets like a Professional",$20 ,12,All Levels
CID157567,The Tax Advantaged Investor: A Guide to Legal Tax Reduction!,$51 ,25,All Levels
CID157571,The Smart Option Trader,$62 ,74,All Levels
CID157572,Beginners Chart Patterns Trading for Penny Stocks,$20 ,26,Beginner Level
CID157590,Financial Statements: Learn Accounting. Unlock the Numbers.,$72 ,35,Beginner Level
CID157595,CFAÂ® Level 1 2014 â€“ Alternative Investments,$20 ,13,All Levels
CID157659,Interest Rate Swaps,$52 ,20,All Levels
CID157678,Financial Modelling for entrepreneurs,$92 ,17,All Levels
CID157679,Economics - CFA Level 1 - 2014,$20 ,24,Beginner Level
CID157683,Bookkeeping Made Simple,$74 ,22,All Levels
CID157686,What is Bitcoin,$20 ,27,All Levels
CID157687,Accounting for CA CPT Exams Part I,$18 ,120,All Levels
CID157694,Raising Capital for Your Business,$20 ,60,All Levels
CID157698,"Silver, Gold, and Inflation",$20 ,11,Beginner Level
CID157699,Accounting Concepts For Technocrats,$20 ,35,Beginner Level
CID157709,Beginner Financial Analysis: Invest Like Warren Buffett,$57 ,19,Beginner Level
CID157729,Advance Technical Analysis,$20 ,14,Expert Level
CID157734,The Everyday Investor: Building Wealth with Venture Capital,$20 ,12,Intermediate Level
CID157752,QuickBooks Online : Inventory Management For Non-Finance,$20 ,10,All Levels
CID157753,Law Matters,$33 ,12,Beginner Level
CID157761,Learn to Trade for Profit: Finding Winning Stocks - Chinese,$20 ,79,All Levels
CID157805,Financial Accounting Part 2 - Passing The Class,$10 ,36,Beginner Level
CID157830,Simple Options Trading System,$94 ,16,Intermediate Level
CID157831,Investments and Financial Markets,$20 ,19,Beginner Level
CID157832,Legal Accounting,$18 ,49,All Levels
CID157834,"Term Loan Appraisal for bankers, credit analysts",$26 ,28,Beginner Level
CID158106,Small Biz Doers' Guide to Small Biz Accounting + Bookkeeping,$20 ,58,Beginner Level
CID161970,Trade Show Samurai,$20 ,7,All Levels
CID161974,Forex Harmonic Trading- With Multiple Forex Chart Examples,$20 ,25,All Levels
CID161987,The Cost of Capital: The Key To Attract Venture Capitalists,$20 ,6,All Levels
CID161994,Accounting for School Students,$20 ,12,All Levels
CID162004,Learn To Trade The Forex Naked Price Action Acapulco Trade,$71 ,13,Intermediate Level
CID162024,Certificate in MYOB AccountRight Premier 2017 Course,$46 ,29,All Levels
CID162034,Master The Psychology of Forex & Binary Options Trading,$15 ,7,Intermediate Level
CID162069,Learn to Pick the Right Stock Broker Account,$31 ,14,Beginner Level
CID162122,Profit During Crashing Markets: A Step-by-Step Guide,$20 ,18,All Levels
CID162125,Introduction to Futures & Options,$39 ,27,All Levels
CID162145,Learn To Invest In 7 Steps,$79 ,21,Beginner Level
CID162159,Sell like a Pro: Insider Secrets of Successful Selling!,$20 ,25,All Levels
CID162174,3 Little Pigs: A Multiple Timeframe Forex Trading Strategy,$22 ,6,All Levels
CID162180,6. Annuities Due and Deferred,$72 ,16,All Levels
CID162187,CFAÂ® Level 1 2014 â€“ Quantitative Methods,$32 ,27,All Levels
CID162190,IFRIC 13-Customer Loyalty Programmes (Revenue),$20 ,6,All Levels
CID162250,FOREX Currency Trading For Beginners,$20 ,28,Beginner Level
CID162274,Basic Technical Analysis,$31 ,27,Beginner Level
CID162334,Forex:Trade Management & Psychology,$20 ,19,Intermediate Level
CID162337,"Working Capital assessment for bankers, credit analysts",$20 ,29,Beginner Level
CID162358,"CFA Level I Workshop 6: Alternatives, PM and Economics ",$10 ,5,All Levels
CID162362,CFA Level I Workshop 3: Financial Reporting & Analysis II,$49 ,5,All Levels
CID162369,How to trade in the Forex market,$95 ,39,Intermediate Level
CID162375,Bookkeeping Practicals with Software,$61 ,130,Intermediate Level
CID162407,8 Steps To Achieve Financial Freedom And Escape Debt,$20 ,48,Beginner Level
CID162415,Trading Basics in 30 minutes,$33 ,6,Beginner Level
CID162433,Technical Charting,$65 ,6,Intermediate Level
CID162445,Profits Turbo,$29 ,7,Intermediate Level
CID162448,Nest Egg Investing,$34 ,12,Beginner Level
CID162474,Economics for beginners - Various Concepts,$20 ,34,Beginner Level
CID162488,Investing in Stocks & Shares,$57 ,24,Beginner Level
CID162489,Learn Financial Modeling from Scratch - Part 2,$20 ,27,All Levels
CID162487,Learn Financial Modeling from Scratch - Part 3,$50 ,22,All Levels
CID162490,A Practical Guide to Wealth Creation,$24 ,7,All Levels
CID162498,"'Geometry Of Chance strategy of defeating the roulette.""",$73 ,10,Intermediate Level
CID162515,Trading AlgorÃ­tmico en Forex: Crea tu primer Robot de Forex!,$43 ,39,All Levels
CID162519,MQL4 Bootcamp Tutorial- Trading Robot Coding in Metatrader4,$20 ,25,Beginner Level
CID162531,IntroducciÃ³n a la contabilidad,$41 ,14,Beginner Level
CID162548,Einnahmen aus Udemy-Kursen als Dozent korrekt versteuern,$28 ,11,Beginner Level
CID162562,Contabilidad Gubernamental en MÃ©xico,$20 ,24,All Levels
CID162572,æ ªå¼æŠ•è³‡ã«å¿…è¦ãªã‚¹ã‚­ãƒ«ã®å­¦ç¿’æ‰‹é †ã‚’å­¦ã¶,$20 ,29,Beginner Level
CID162603,FormaÃ§Ã£o de preÃ§os em serviÃ§os,$89 ,28,Intermediate Level
CID162645,"Geld verdienen mit dem Ticken der Uhr, wie Warren Buffett!",$91 ,33,All Levels
CID162851,Ð¢Ð¾Ñ€Ð³Ð¾Ð²Ð»Ñ Ð´ÐµÐ»ÑŒÑ‚Ð°-Ð½ÐµÐ¹Ñ‚Ñ€Ð°Ð»ÑŒÐ½Ñ‹Ð¼Ð¸ ÑÑ‚Ñ€ÐµÐ½Ð³Ð»Ð°Ð¼Ð¸,$20 ,25,All Levels
CID162857,GuÃ­a prÃ¡ctica para comprar acciones en la Bolsa de USA,$13 ,36,Intermediate Level
CID162867,Contabilidad Financiera: Conoce el Lenguaje de los Negocios.,$25 ,21,Beginner Level
CID162868,Curso de Day Trader para Iniciantes,$31 ,13,Beginner Level
CID162902,Curso de IniciaciÃ³n al Trading,$20 ,40,All Levels
CID162908,Complete GST Course For Small and Medium Enterprises,$20 ,45,Beginner Level
CID162916,3 documentos clave para administrar tu empresa con Ã©xito,$56 ,18,Intermediate Level
CID162918,Forex/Opciones Binarias para Principiantes,$48 ,9,Beginner Level
CID162953,15 Mandamientos para ganar dinero en Bolsa,$72 ,49,All Levels
CID162965,Le bitcoin et la blockchain,$19 ,12,All Levels
CID162967,ContabilitÃ  Generale,$20 ,40,All Levels
CID162975,Ð¢Ð¾Ñ€Ð³Ð¾Ð²Ð»Ñ Ð¾Ð¿Ñ†Ð¸Ð¾Ð½Ð°Ð¼Ð¸: ÐšÐ°Ðº Ð·Ð°Ñ€Ð°Ð±Ð¾Ñ‚Ð°Ñ‚ÑŒ Ð½Ð° Ð²Ð¾Ð»Ð°Ñ‚Ð¸Ð»ÑŒÐ½Ð¾ÑÑ‚Ð¸,$20 ,29,All Levels
CID162976,Estrategias de InversiÃ³n aplicadas al mundo del trading,$29 ,25,All Levels
CID162977,ãƒã‚¤ãƒŠãƒªãƒ¼ã‚ªãƒ—ã‚·ãƒ§ãƒ³å–å¼•,$24 ,24,All Levels
CID162990,Caza los Enormes Movimientos del Mercado,$16 ,13,All Levels
CID163035,Le basi del trading online,$20 ,27,Beginner Level
CID163049,è‡ªåˆ†ã«åˆã£ãŸæŠ•è³‡ä¿¡è¨—ã‚’è¦‹ã¤ã‘ã‚ˆã†ï¼,$34 ,23,Beginner Level
CID163063,Monatlich Geld anlegen fÃ¼r spÃ¤ter!,$20 ,7,Beginner Level
CID163082,Invierte en la Bolsa Mexicana y de USA,$20 ,40,Beginner Level
CID163086,GestÃ£o Financeira Para Pequenas e MÃ©dias Empresas,$24 ,45,All Levels
CID163087,Curso Completo de Bitcoin - Ganhe 0.00005 Bitcoin,$20 ,73,All Levels
CID163089,Tudo sobre Investimentos em Renda Fixa,$44 ,16,All Levels
CID163094,Aprende a invertir sin capital,$28 ,29,Beginner Level
CID163102,Apprendre Ã  trader sur le marchÃ© du Forex - guide complet,$20 ,38,Beginner Level
CID163157,IntroducciÃ³n a las Finanzas,$12 ,15,Beginner Level
CID163161,Finanzielle UnabhÃ¤ngigkeit-1: Erste Schritte zur Million,$54 ,28,Beginner Level
CID163180,Forex para Principiantes-Ejemplos en VIVO de Trading Real,$75 ,52,Beginner Level
CID163182,Finanzielle UnabhÃ¤ngigkeit-3 MillionÃ¤r werden mit Immobilien,$20 ,14,Expert Level
CID163192,Introduction to Health Financing,$20 ,17,Beginner Level
CID163199,Accounting Cycle: Learn the concepts in 60 minutes,$20 ,14,All Levels
CID163209,Optimize! Make Best Decisions with Microsoft Excel,$20 ,14,Expert Level
CID163227,Understanding The Stock Market: For Beginners,$20 ,36,Beginner Level
CID163252,CFAÂ® Level 1 2014 â€“ FI,$20 ,49,All Levels
CID163259,9. Sinking Funds,$20 ,5,All Levels
CID163311,Managerial Accounting - The Ultimate Beginner Course!,$72 ,121,Beginner Level
CID163318,Forex Trading for Beginners Vol 1:A Forex Course Made Simple,$20 ,27,Beginner Level
CID163322,Accounting - Basic Costing ,$52 ,37,Beginner Level
CID163355,"Double Your Salary With Free, Local, Job Training Courses",$20 ,8,All Levels
CID163387,Financial Modeling - Facebook Case Study,$20 ,13,All Levels
CID163399,Understanding Financial Derivatives,$74 ,11,Intermediate Level
CID163403,Forex Basics: Learn how to read and analyze Forex charts,$48 ,45,Beginner Level
CID163404,Forex - Help I cant Trade,$18 ,20,All Levels
CID163406,Start-up financial modeling for non-finance professionals,$64 ,19,All Levels
CID163410,The Fast Route to a Faster Financial Close,$75 ,8,Intermediate Level
CID163436,Easy Finance For Startups,$20 ,6,Beginner Level
CID163438,"Excel 4 Accounting & Bookkeeping - Master Date,Time & Text",$57 ,12,All Levels
CID163480,"Depreciation, Amortization and Depletion",$59 ,13,Intermediate Level
CID163481,Breakeven Analysis and Pricing,$40 ,10,All Levels
CID163494,Tally ERP Complete Training in Urdu / Hindi,$93 ,51,All Levels
CID163525,Accounting Simplified,$33 ,41,All Levels
CID163541,Series 7: Intermediate Options,$20 ,11,Intermediate Level
CID163549,Accounting and Business Basics,$10 ,10,All Levels
CID163580,Corso introduttivo al trading profittevole,$20 ,9,Beginner Level
CID163582,Aprende a Ganar Dinero en la Bolsa,$42 ,42,All Levels
CID163583,InversiÃ³n: Fundamentos del Trading para Principiantes,$18 ,18,Beginner Level
CID163604,Gana en la Bolsa con AnÃ¡lisis TÃ©cnico,$26 ,35,Beginner Level
CID163612,PrecificaÃ§Ã£o - Calculando valor de venda baseado nos custos,$20 ,46,All Levels
CID163613,CÃ³mo ganar dinero invirtiendo en bolsa,$84 ,10,Beginner Level
CID163614,Investiere in Tax Liens-Hohe Zinsen gesetzl. festgeschrieben,$20 ,7,All Levels
CID163645,Investimento em AÃ§Ãµes,$20 ,27,Beginner Level
CID163648,Excelã‚’ä½¿ã£ã¦ãƒ“ã‚¸ãƒã‚¹ã‚·ãƒŸãƒ¥ãƒ¬ãƒ¼ã‚·ãƒ§ãƒ³ï¼šåŸºç¤Žç·¨,$74 ,47,Beginner Level
CID163649,Estrategias de trading en bolsa,$20 ,14,All Levels
CID163655,Grundlagen der finanziellen UnabhÃ¤ngigkeit,$20 ,9,All Levels
CID163660,"Wie Du, Dir auch mit kleinen BetrÃ¤gen ein VermÃ¶gen aufbaust",$15 ,53,All Levels
CID163680,Corporate Ethics,$31 ,13,Beginner Level
CID163684,CFA Level 2- Quantitative Methods,$20 ,35,All Levels
CID163695,Core Financial Statement Concepts,$39 ,9,Intermediate Level
CID163696,Understand Core Finance Principles in 60 Minutes,$79 ,13,Beginner Level
CID163712,Learn Wave accounting to maintain books properly,$60 ,27,All Levels
CID163751,Making Tax Digital - UK HMRC Legislation Explained,$22 ,7,All Levels
CID163762,Surviving Introduction to Finance,$20 ,13,Beginner Level
CID163764,Cost of Capital and Weighted Average Cost of Capital,$32 ,22,All Levels
CID163765,Studying the CFA Program exams (Mandarin language version),$20 ,5,All Levels
CID163789,Condor Broken Wing Butterfly Options Trading Course System,$69 ,15,All Levels
CID163798,â‰ªè™Žã®å·»â‰«è¨¼åˆ¸å–å¼•ã®ã€Œç¨Žé‡‘ã®ãŠæ‚©ã¿ã€è§£æ¶ˆ,$31 ,33,Intermediate Level
CID163801,ã€ï¼‘æ—¥ã§ãƒžã‚¹ã‚¿ãƒ¼ï¼ã€‘ä»Šæ—¥ã‹ã‚‰ã¯ã˜ã‚ã‚‹è³‡ç”£å½¢æˆ,$20 ,14,Beginner Level
CID163839,TRADING FOR A LIVING: Trading Full-Time Transition Guide,$20 ,40,Intermediate Level
CID164235,Learn How To use Channels to find amazing Forex Entries,$10 ,15,All Levels
CID164247,"Financial Analysis, from Scratch to Professional!",$49 ,39,Beginner Level
CID164248,Cost Accounting Labour Costing (Professional Course Level),$20 ,24,All Levels
CID164252,Learn How To Successfully Trade Forex: In 5 Simple Steps,$61 ,44,All Levels
CID164260,The Intelligent Investor,$20 ,44,All Levels
CID164268,Succeed in Futures Even if You Don't Know Where to Start,$33 ,15,All Levels
CID164280,Binary Options Beginners Guide : Nadex,$65 ,39,Beginner Level
CID164281,Trading: From Wall Street to Your Street,$29 ,37,Intermediate Level
CID164310,Build your own Naked Trading Forex Robot,$34 ,19,All Levels
CID164357,Tax Preparation: Learn Fast! Prepare Taxes with Confidence!,$86 ,33,All Levels
CID164359,Tax Strategies of the Wealthy,$57 ,11,Beginner Level
CID164371,The Ultimate Fibonacci Trading Plan for Forex and Stocks,$20 ,15,All Levels
CID164391,Finance and Accounting for Startups,$50 ,75,All Levels
CID164413,Forex - Calculate Lot Size Like Pro,$24 ,11,All Levels
CID164424,The Complete Forex Trader,$73 ,46,All Levels
CID164425,Beginner Photoshop to HTML5 and CSS3,$20 ,22,All Levels
CID164462,XPATH :basics for beginners,$86 ,8,All Levels
CID164476,The Fastest Way to Create a Website Using Godaddy,$41 ,12,Beginner Level
CID164501,A how to guide in HTML,$28 ,8,Beginner Level
CID164522,Building Better APIs with GraphQL,$43 ,16,All Levels
CID164531,Learn Grunt with Examples: Automate Your Front End Workflow,$20 ,17,All Levels
CID164532,Build A Stock Downloader With Visual Studio 2015 And C#,$20 ,22,Intermediate Level
CID164542,jQuery UI in Action: Build 5 jQuery UI Projects,$20 ,140,All Levels
CID164543,Learn jQuery from Scratch - Master of JavaScript library,$43 ,21,All Levels
CID164566,How To Design A WordPress Website With No Coding At All,$13 ,42,Beginner Level
CID164582,Learn and Build using Polymer,$25 ,48,All Levels
CID164596,CSS Animations: Create Amazing Effects on Your Website,$31 ,38,All Levels
CID164605,Using MODX CMS to Build Websites: A Beginner's Guide,$47 ,20,Beginner Level
CID164607,Equity Products,$20 ,16,All Levels
CID164614,Financial Accounting Part I - Passing the Class,$56 ,47,Beginner Level
CID164631,Accounting 102: Guide to Business Accounting,$48 ,27,Intermediate Level
CID164638,Monetizing Your Website: How to Add Cost-Per-Action (CPA) ,$20 ,18,All Levels
CID164645,Advanced Finance and Accounting for Startups,$19 ,48,Intermediate Level
CID164653,Basics of Tax in India  (College Level),$20 ,28,All Levels
CID164674,Trade for a Living,$20 ,59,All Levels
CID164713,Learn Stock Options: Options Made Simple 101,$29 ,49,Beginner Level
CID164748,Banking Credit Analysis Process (for Bankers),$24 ,241,Beginner Level
CID164758,Color Basics for Print Designers,$16 ,10,All Levels
CID164779,Digital Photo Manipulation Art And Cover Design In PhotoShop,$74 ,35,Beginner Level
CID164780,Drawing Perspective For Beginners,$34 ,44,All Levels
CID164781,Adobe InDesign CC Advanced,$20 ,50,Expert Level
CID164784,Intro to Photoshop for Merch by Amazon,$72 ,9,Beginner Level
CID164802,Learn JavaScript from scratch,$24 ,44,Beginner Level
CID164811,WordPress for Beginners - Tutorial - From Novice to Know-How,$60 ,39,Beginner Level
CID164814,RESTful API with Laravel,$44 ,57,All Levels
CID164821,Learn Ruby on Rails for Absolute Beginners,$28 ,36,All Levels
CID164826,JavaScript Tutorial,$20 ,37,All Levels
CID164837,Shopping Cart Website from Scratch Ecommerce,$12 ,54,Beginner Level
CID164842,Learn By Example: Angular JS,$54 ,60,All Levels
CID164851,The Complete front end web developer Bootcamp - 14 projects,$20 ,126,All Levels
CID164856,WordPress LMS: E-Learning Website Made Easy,$20 ,16,All Levels
CID164863,Create An HTML5 Video Player From Scratch,$20 ,12,Beginner Level
CID164876,In Depth Web Development Made Easy,$37 ,60,All Levels
CID164916,Jquery :basics for beginners,$20 ,15,All Levels
CID164926,Web Development By Doing: HTML / CSS From Scratch,$20 ,21,Beginner Level
CID164934,Build Your First Website in 1 Week with HTML5 and CSS3,$62 ,30,Beginner Level
CID164952,Design a logo for FREE in Inkscape,$20 ,42,All Levels
CID164954,Foundation Skills on Adobe Illustrator: Learn Fast!,$20 ,16,Beginner Level
CID164957,How To Create Amazing Cinemagraphs with Microsoft PowerPoint,$75 ,10,Beginner Level
CID164962,Canva : Graphic Design Theory Volume1,$52 ,29,All Levels
CID164982,Master App Icon Design for iPhone (IOS) & Android Devices,$20 ,43,Intermediate Level
CID164987,Photoshop: How to create stunning collages,$82 ,15,Beginner Level
CID165001,Mastering advance Photoshop,$74 ,21,Intermediate Level
CID165029,Logo Designing for Your Business in an Hour,$48 ,16,All Levels
CID165036,DIY Design Professional Web Banners in Photoshop 4 Beginners,$18 ,24,Beginner Level
CID165054,Photoshop CC for Beginners - A Comprehensive Crash Course,$64 ,20,Beginner Level
CID165071,Teoria Basica del Arte. Como Pintar Ilustraciones Digitales,$20 ,26,Beginner Level
CID165102,Illustrator CC para novatos: Â¡desde cero hasta experto! ,$20 ,96,All Levels
CID165108,Photoshop para novatos:  Â¡desde cero hasta experto!,$20 ,134,All Levels
CID165112,Diventa un professionista del Graphic Design,$59 ,94,All Levels
CID165128,FormaÃ§Ã£o em Design GrÃ¡fico com Corel Draw VersÃµes X8 / 2017.,$40 ,71,Beginner Level
CID165138,ABC do Photoshop CC,$20 ,80,Beginner Level
CID165152,Photoshop para iniciante - o bÃ¡sico,$33 ,20,Beginner Level
CID165173,Curso Online de Adobe Illustrator CC e CS6,$20 ,119,All Levels
CID165190,Photoshop & Illustrator CC Essentials in Arabic,$10 ,33,Beginner Level
CID165194,Photoshop from Zero to Hero ( Arabic ),$20 ,82,Beginner Level
CID165207,Photoshop Essentials - Uma IntroduÃ§Ã£o Detalhada,$42 ,24,Beginner Level
CID165263,Photoshop CC 2015 Top New Features,$18 ,13,All Levels
CID165267,Expert Guide : Mastering Types feature in illustrator !,$26 ,27,All Levels
CID165268,Cartoon Game Logo Design using Photoshop,$20 ,15,All Levels
CID165272,Tape Reading: Learn how to read the tape for day trading,$20 ,32,All Levels
CID165299,4 Easy Daily Forex Trades: A Recipe for Trading Success,$20 ,12,All Levels
CID165305,Trading Robot Forex Programs in Your Sleep in Live Examples!,$20 ,18,Expert Level
CID165316,Free Options 101 - Basic of Call and Put Options in 1 Hours,$20 ,26,All Levels
CID165327,An Intro into Trading the Financial Markets,$20 ,17,Beginner Level
CID165333,Developing A Trading Strategy: Your Guide to Trading Success,$46 ,16,All Levels
CID165339,How to Trade Commodity and Financial Futures for a Living!,$15 ,20,All Levels
CID165347,How to Trade Forex like a Hedge Fund: Long FX Strategies,$31 ,32,All Levels
CID165370,Complete Short Financial Ratio Course for Financial Analysis,$20 ,56,All Levels
CID165381,How to Build Profitable FOREX Automated Trading Strategies!,$39 ,21,All Levels
CID165560,Stock Trading Strategies: Profitable Trading in 7 Days.,$79 ,27,All Levels
CID165566,Management Accounting A Complete Study,$60 ,158,All Levels
CID165580,Become a Career Day Trader: Asian-Pacific Futures Markets,$22 ,30,All Levels
CID165584,Make Flat Design Space Ships in 30 Minutes in Illustrator!,$20 ,5,Beginner Level
CID165585,Figure Drawing From Life Using The Reilly Technique.,$32 ,22,All Levels
CID165594,Drawing Cartoony Characters,$20 ,9,Beginner Level
CID165619,Learn Blender 3D  - The introduction course,$20 ,15,Beginner Level
CID165623,Inkscape For Beginners 2016/2017,$31 ,26,All Levels
CID165627,Make yourself a Santa Claus: Photoshop Manipulation,$20 ,8,All Levels
CID165640,Become an InDesign Pro in 10 Skills,$20 ,35,Beginner Level
CID165663,Digital Illustration: Make A Custom Character Illustration,$10 ,14,All Levels
CID165684,Learn Basics Of Adobe Illustrator,$49 ,12,Beginner Level
CID165687,Discover the 7 Secrets to Figure Drawing: Draw Awesome ...,$95 ,25,All Levels
CID165692,LOGO DESIGN IN POWERPOINT,$61 ,28,Beginner Level
CID165714,Photoshop CC MasterClass,$70 ,78,All Levels
CID165724,Become A Logo Designer ,$33 ,39,All Levels
CID165743,Learn Illustrator By Recreating Top 3 Logos - Beginner Guide,$65 ,11,Beginner Level
CID165746,Illustrative Surface Patterns Design : From Life To Products,$29 ,14,All Levels
CID165835,Effective iOS & Android App Icon Design,$34 ,13,Beginner Level
CID165853,Creating an animated greeting card via Google Slides,$20 ,9,Beginner Level
CID165854,Photoshop: Learn Digital Painting Basics in Photoshop,$20 ,24,Beginner Level
CID165856,Learning Photoshop CC 2014 in Egyptian Arabic ,$67 ,25,All Levels
CID165862,Make tech circles in Photoshop in 30 minutes!,$50 ,8,All Levels
CID165866,Graphic design - The Quick Guide,$24 ,11,Beginner Level
CID165867,Learn Corel x7 Like a Pro,$73 ,5,Intermediate Level
CID165869,Make tech circles in Adobe Illustrator in 30 minutes,$20 ,5,All Levels
CID165883,Easy Illustration and 2D Animation,$20 ,7,All Levels
CID165887,Make Tech circles in Adobe Photoshop and Illustrator,$20 ,13,All Levels
CID166216,Turn Your Photos Into Professional And Modern Artworks,$28 ,12,All Levels
CID166254,Calligraphy for Beginners: Creating Strong Lines,$43 ,12,Beginner Level
CID176465,Canva: Design Album Cover Artwork in Minutes - No More Fees!,$63 ,11,Beginner Level
CID176480,Getting Started With Photoshop CC,$20 ,45,Beginner Level
CID176482,Learn Adobe Photoshop in 1 Hour,$20 ,10,All Levels
CID176485,Learn Comic Book Color Flatting! (Coloring Assistant role),$43 ,6,Beginner Level
