﻿Exam_ID,Sem_Name,Exam_Type,Exam_Fee
E1,Aptitute,Step1,$8 
E2,Aptitute,Step2,$12 
E3,Sem_01,Mid,$3 
E4,Sem_01,Practical,$6 
E5,Sem_01,Final,$8 
E6,Sem_02,Mid,$4 
E7,Sem_02,Practical,$7 
E8,Sem_02,Final,$9 
E9,Sem_03,Mid,$5 
E10,Sem_03,Practical,$8 
E11,Sem_03,Final,$10 
E12,Sem_04,Mid,$6 
E13,Sem_04,Practical,$10 
E14,Sem_04,Final,$12 
E15,Sem_05,Mid,$7 
E16,Sem_05,Practical,$10 
E17,Sem_05,Final,$12 
E18,Sem_06,Mid,$8 
E19,Sem_06,Practical,$11 
E20,Sem_06,Final,$13 
E21,Sem_07,Mid,$9 
E22,Sem_07,Practical,$12 
E23,Sem_07,Final,$13 
E24,Sem_08,Mid,$10 
E25,Sem_08,Practical,$13 
E26,Sem_08,Final,$15 
