﻿Tutor_ID,Tutor_FName,Tutor_LName,Tutor_Email,Tutor_DOJ,Tutor_Fee,Dept_ID
IU196557,Harriet,Andersson,Harriet_Andersson3164@nanoff.biz,10/31/2009,$43 ,IDEPT4670
IU449901,Karla,Townend,Karla_Townend5496@bungar.biz,6/7/2009,$21 ,IDEPT5528
IU206427,Chuck,Lee,Chuck_Lee2342@bungar.biz,5/9/2008,$29 ,IDEPT3115
IU688905,Matthew,Becker,Matthew_Becker2270@guentu.biz,1/17/2002,$20 ,IDEPT5881
IU634582,Danny,Sanchez,Danny_Sanchez6597@bauros.biz,2/13/2000,$31 ,IDEPT4938
IU138624,Rylee,Franks,Rylee_Franks8434@ubusive.com,9/27/2006,$34 ,IDEPT1423
IU932068,Henry,Gibbons,Henry_Gibbons2512@gembat.biz,5/4/2013,$48 ,IDEPT4132
IU572796,Erick,Mccormick,Erick_Mccormick3990@sheye.org,1/3/2008,$26 ,IDEPT2054
IU134670,Olivia,Truscott,Olivia_Truscott7429@extex.org,1/15/2002,$41 ,IDEPT2357
IU393717,Liam,Lee,Liam_Lee9318@yahoo.com,8/18/2009,$20 ,IDEPT1537
IU175125,Trisha,Jacobs,Trisha_Jacobs4541@atink.com,10/17/2001,$20 ,IDEPT8379
IU232618,Miriam,Thomson,Miriam_Thomson4547@womeona.net,2/3/2012,$40 ,IDEPT1825
IU760609,Abdul,Lucas,Abdul_Lucas7958@joiniaa.com,1/1/2006,$32 ,IDEPT8313
IU508242,Ruth,Graham,Ruth_Graham3973@grannar.com,8/12/1999,$30 ,IDEPT2425
IU240338,Valentina,Ventura,Valentina_Ventura5857@brety.org,2/16/2011,$20 ,IDEPT1378
IU826824,Jacqueline,Bolton,Jacqueline_Bolton3155@famism.biz,9/23/2007,$45 ,IDEPT5127
IU544227,Alba,Ripley,Alba_Ripley8464@qater.org,8/15/2008,$20 ,IDEPT5408
IU817422,William,Wheeler,William_Wheeler1741@mafthy.com,4/17/2006,$20 ,IDEPT1142
IU917848,Henry,Owens,Henry_Owens5009@supunk.biz,8/12/2002,$41 ,IDEPT1367
IU635586,Lucas,James,Lucas_James5931@acrit.org,7/27/2004,$20 ,IDEPT7783
IU423398,Sofie,Wright,Sofie_Wright2640@naiker.biz,6/9/2006,$33 ,IDEPT3062
IU846275,Bob,Farrow,Bob_Farrow4702@atink.com,8/21/2008,$38 ,IDEPT1388
IU509287,Michael,Gordon,Michael_Gordon7260@sheye.org,11/16/2009,$20 ,IDEPT7005
IU168857,Enoch,Craig,Enoch_Craig4330@gompie.com,5/10/2001,$32 ,IDEPT1533
IU125595,Erick,Wright,Erick_Wright6730@extex.org,7/9/2006,$39 ,IDEPT3778
IU423522,Abdul,Kelly,Abdul_Kelly4564@naiker.biz,1/16/2006,$38 ,IDEPT4055
IU937233,Mona,Upsdell,Mona_Upsdell5330@eirey.tech,6/21/2010,$20 ,IDEPT2601
IU710285,Mike,Mcleod,Mike_Mcleod4116@muall.tech,4/7/2011,$20 ,IDEPT1677
IU951593,Carina,Overson,Carina_Overson6622@gembat.biz,4/11/2007,$20 ,IDEPT7626
IU740065,Marigold,Pearson,Marigold_Pearson3666@twipet.com,11/22/1999,$45 ,IDEPT5109
IU306793,Marvin,Parker,Marvin_Parker4510@liret.org,2/5/2008,$20 ,IDEPT1615
IU364794,Anthony,Rust,Anthony_Rust9490@sheye.org,3/2/2012,$20 ,IDEPT3868
IU877470,Florence,Burge,Florence_Burge146@bauros.biz,7/31/2005,$20 ,IDEPT6347
IU486705,Adalind,Flynn,Adalind_Flynn2719@mafthy.com,9/12/2001,$33 ,IDEPT8598
IU511664,Luke,Wood,Luke_Wood3745@ovock.tech,7/24/2006,$20 ,IDEPT8473
IU860113,Zoe,Rixon,Zoe_Rixon1627@famism.biz,3/20/2005,$46 ,IDEPT1096
IU271785,Gwenyth,Sinclair,Gwenyth_Sinclair8696@sveldo.biz,4/12/2006,$20 ,IDEPT4308
IU357968,Matthew,Emerson,Matthew_Emerson3550@eirey.tech,10/31/2012,$20 ,IDEPT1836
IU469799,Ally,Tanner,Ally_Tanner655@twipet.com,6/22/2014,$44 ,IDEPT8825
IU508314,Kieth,Snow,Kieth_Snow9991@eirey.tech,3/3/2000,$20 ,IDEPT5564
IU940853,Nick,Carpenter,Nick_Carpenter177@iatim.tech,7/30/1999,$47 ,IDEPT4670
IU736890,Cara,Oakley,Cara_Oakley9903@twace.org,8/27/2010,$46 ,IDEPT5528
IU271820,Emerald,Benson,Emerald_Benson3416@twace.org,9/16/2005,$23 ,IDEPT3115
IU861380,Benny,Roberts,Benny_Roberts6119@infotech44.tech,11/29/2000,$20 ,IDEPT5881
IU782822,Abbey,Antcliff,Abbey_Antcliff646@supunk.biz,12/1/2006,$43 ,IDEPT4938
IU369893,Candace,Stewart,Candace_Stewart1282@vetan.org,6/28/2002,$47 ,IDEPT1423
IU430546,Martin,Whittle,Martin_Whittle3386@atink.com,11/6/2011,$21 ,IDEPT4132
IU472467,Oliver,Stevens,Oliver_Stevens1328@bungar.biz,6/20/2013,$25 ,IDEPT2054
IU904131,Camellia,Holt,Camellia_Holt3723@corti.com,4/3/2010,$48 ,IDEPT4670
IU201506,Alma,Ramsey,Alma_Ramsey9795@dionrab.com,12/2/2006,$20 ,IDEPT5528
IU572132,Selena,Turner,Selena_Turner5935@gompie.com,5/14/2011,$43 ,IDEPT3115
IU538421,Gwenyth,Brooks,Gwenyth_Brooks7786@bauros.biz,3/15/2013,$20 ,IDEPT5881
IU353908,Hope,Shepherd,Hope_Shepherd6565@dionrab.com,9/11/2005,$36 ,IDEPT4938
IU372096,Mandy,Howard,Mandy_Howard9377@sveldo.biz,2/3/2012,$40 ,IDEPT1423
IU473584,Clint,Owen,Clint_Owen4520@yahoo.com,6/1/2014,$33 ,IDEPT4132
IU754974,Miley,Bell,Miley_Bell5748@iatim.tech,2/25/2010,$20 ,IDEPT2054
IU242634,Carmen,Hancock,Carmen_Hancock7741@qater.org,2/23/2007,$45 ,IDEPT8313
IU624640,Jocelyn,Stubbs,Jocelyn_Stubbs2996@corti.com,7/12/2014,$20 ,IDEPT2425
IU987884,Ciara,Dobson,Ciara_Dobson7088@gembat.biz,11/18/2004,$20 ,IDEPT1378
IU516465,Irene,Barclay,Irene_Barclay2414@deons.tech,1/6/2006,$48 ,IDEPT5127
IU246736,Cristal,Ulyatt,Cristal_Ulyatt5990@supunk.biz,2/8/2007,$20 ,IDEPT5408
IU454493,Marvin,Gallacher,Marvin_Gallacher2880@liret.org,9/28/2002,$20 ,IDEPT1142
IU500587,Gwenyth,Veale,Gwenyth_Veale1334@eirey.tech,3/13/2008,$22 ,IDEPT1367
IU325868,Michael,Lindop,Michael_Lindop3821@extex.org,5/15/2000,$42 ,IDEPT7783
IU616644,Ruby,Lloyd,Ruby_Lloyd9164@dionrab.com,2/19/2007,$20 ,IDEPT3062
IU639998,Audrey,Jordan,Audrey_Jordan9184@bauros.biz,3/9/2004,$46 ,IDEPT1388
IU410413,Eduardo,Keys,Eduardo_Keys5726@twipet.com,2/7/2006,$23 ,IDEPT8313
IU114595,Martha,Greenwood,Martha_Greenwood1354@acrit.org,11/13/2001,$32 ,IDEPT2425
IU476789,Luna,Oliver,Luna_Oliver1687@gembat.biz,6/16/2009,$37 ,IDEPT1378
IU438123,Jack,Gibbons,Jack_Gibbons2019@fuliss.net,2/28/2011,$20 ,IDEPT5127
IU183626,Anthony,Jarrett,Anthony_Jarrett3995@gembat.biz,11/15/2006,$32 ,IDEPT5408
IU934207,Leroy,Gilmore,Leroy_Gilmore9313@bauros.biz,10/4/2013,$20 ,IDEPT1142
IU582877,Tom,Kirby,Tom_Kirby2646@guentu.biz,10/5/2005,$28 ,IDEPT1367
IU815641,Chad,Drew,Chad_Drew8691@sveldo.biz,2/2/2010,$25 ,IDEPT7783
IU200937,Lexi,Sylvester,Lexi_Sylvester1096@sveldo.biz,9/26/2007,$20 ,IDEPT3062
IU703247,Doris,Flack,Doris_Flack5669@famism.biz,8/29/2009,$20 ,IDEPT1388
IU184260,Tania,Watson,Tania_Watson1269@nanoff.biz,12/12/2004,$42 ,IDEPT8313
IU843331,Leslie,Allcott,Leslie_Allcott6593@brety.org,5/28/2011,$21 ,IDEPT2425
IU886140,Jack,Redden,Jack_Redden9917@bulaffy.com,1/29/2013,$20 ,IDEPT1378
IU760362,Isabella,Bishop,Isabella_Bishop697@fuliss.net,7/8/2006,$34 ,IDEPT5127
IU766698,Bryon,Hepburn,Bryon_Hepburn9997@qater.org,9/21/2003,$20 ,IDEPT5408
IU633596,Elijah,Jordan,Elijah_Jordan6063@yahoo.com,8/11/2011,$23 ,IDEPT1142
IU133163,Cassidy,Mason,Cassidy_Mason1746@nimogy.biz,4/24/2009,$21 ,IDEPT1367
IU410918,Phillip,Miller,Phillip_Miller191@nanoff.biz,6/9/2009,$42 ,IDEPT7783
IU418420,Dakota,Becker,Dakota_Becker7217@supunk.biz,1/31/2001,$20 ,IDEPT3062
IU996025,Scarlett,Umney,Scarlett_Umney611@ovock.tech,10/3/2008,$45 ,IDEPT1388
IU784101,Russel,Hogg,Russel_Hogg4414@tonsy.org,4/27/2011,$37 ,IDEPT8313
IU480856,Elisabeth,Dunbar,Elisabeth_Dunbar8773@deons.tech,6/6/2010,$20 ,IDEPT2425
IU507184,Isla,York,Isla_York8680@ovock.tech,4/25/2012,$21 ,IDEPT1378
IU803872,Enoch,Phillips,Enoch_Phillips5173@twace.org,4/28/2011,$26 ,IDEPT5127
IU795236,Mya,Webster,Mya_Webster6913@extex.org,5/15/2008,$24 ,IDEPT5408
IU632540,Ryan,Mcneill,Ryan_Mcneill7154@sveldo.biz,6/17/2009,$20 ,IDEPT1142
IU672641,Aleksandra,Oliver,Aleksandra_Oliver4202@nimogy.biz,5/17/2008,$43 ,IDEPT1367
IU280941,Jayden,Hamilton,Jayden_Hamilton8710@infotech44.tech,5/14/2014,$28 ,IDEPT7783
IU573089,Candace,Lynn,Candace_Lynn8742@iatim.tech,6/14/2001,$27 ,IDEPT3062
IU476100,Cadence,Wright,Cadence_Wright3444@gembat.biz,4/9/2007,$42 ,IDEPT1388
IU169365,Maggie,Ebbs,Maggie_Ebbs5992@infotech44.tech,7/22/2008,$20 ,IDEPT8313
IU333324,Ramon,Walsh,Ramon_Walsh7731@bungar.biz,7/23/2000,$20 ,IDEPT2425
IU573623,Janice,Hepburn,Janice_Hepburn9748@eirey.tech,12/4/2003,$20 ,IDEPT1378
IU263609,Benjamin,Shelton,Benjamin_Shelton2783@muall.tech,12/14/1999,$30 ,IDEPT5127
IU799085,Peter,Vangness,Peter_Vangness9737@supunk.biz,5/13/2014,$25 ,IDEPT5408
IU464114,Oliver,Gordon,Oliver_Gordon4882@mafthy.com,5/27/2003,$38 ,IDEPT1142
IU282074,Lindsay,Matthews,Lindsay_Matthews1031@iatim.tech,8/14/2008,$46 ,IDEPT1367
IU300723,Benny,Squire,Benny_Squire1485@bauros.biz,7/31/2001,$48 ,IDEPT7783
IU311031,Logan,Bryant,Logan_Bryant8229@acrit.org,1/20/2004,$43 ,IDEPT3062
IU976665,Michelle,Hardwick,Michelle_Hardwick7914@nimogy.biz,4/24/2002,$24 ,IDEPT1388
IU796590,Jocelyn,James,Jocelyn_James8863@joiniaa.com,3/3/2012,$36 ,IDEPT8313
IU160380,Domenic,Butler,Domenic_Butler3205@bretoux.com,11/17/2002,$20 ,IDEPT2425
IU124164,Chris,Talbot,Chris_Talbot9828@sveldo.biz,8/16/2004,$39 ,IDEPT1378
IU293826,Owen,Gilmore,Owen_Gilmore3006@gmail.com,10/24/2007,$20 ,IDEPT5127
IU602414,Jazmin,Asher,Jazmin_Asher9895@deavo.com,9/4/2006,$20 ,IDEPT5408
IU797991,Isla,Wellington,Isla_Wellington9953@joiniaa.com,9/13/2001,$30 ,IDEPT1142
IU718477,Hayden,Bailey,Hayden_Bailey4924@deons.tech,12/24/2005,$32 ,IDEPT1367
IU177035,Andie,Ramsey,Andie_Ramsey1077@jiman.org,4/30/2011,$39 ,IDEPT7783
IU340320,Elijah,Stone ,Elijah_Stone 1321@bungar.biz,12/17/2013,$49 ,IDEPT3062
IU603759,Martin,Mcgregor,Martin_Mcgregor5904@deavo.com,5/24/2004,$49 ,IDEPT1388
IU352216,Denny,Cadman,Denny_Cadman7133@jiman.org,6/18/2007,$20 ,IDEPT8313
IU780361,Mason,Reid,Mason_Reid8961@nickia.com,7/29/2005,$33 ,IDEPT2425
IU595413,Wade,Kirby,Wade_Kirby8417@bulaffy.com,11/7/2012,$46 ,IDEPT1378
IU209624,George,Marshall,George_Marshall4887@qater.org,2/17/2006,$45 ,IDEPT5127
IU885411,Mavis,Walker,Mavis_Walker5593@extex.org,6/20/2007,$49 ,IDEPT5408
IU238192,Angelica,Franks,Angelica_Franks2268@brety.org,8/17/2008,$50 ,IDEPT1142
IU326182,Mark,Jones,Mark_Jones5754@vetan.org,3/18/2011,$20 ,IDEPT1367
IU995116,Emerald,Healy,Emerald_Healy7990@fuliss.net,10/26/1999,$33 ,IDEPT7783
IU976864,Tyler,Rodwell,Tyler_Rodwell7516@supunk.biz,5/17/2002,$49 ,IDEPT3062
IU908955,Ellen,Palmer,Ellen_Palmer7300@womeona.net,3/24/2006,$20 ,IDEPT1388
IU843323,Liam,Blythe,Liam_Blythe9053@gompie.com,2/19/2000,$20 ,IDEPT8313
IU870897,Sofie,Blackburn,Sofie_Blackburn7127@famism.biz,3/1/2004,$20 ,IDEPT2425
IU216190,Angela,Briggs,Angela_Briggs265@dionrab.com,11/3/2008,$31 ,IDEPT1378
IU960771,Mike,Yang,Mike_Yang2760@guentu.biz,6/16/2002,$37 ,IDEPT5127
IU167781,Carl,Jenkin,Carl_Jenkin1221@bretoux.com,4/1/2014,$20 ,IDEPT5408
IU748850,Jayden,Shepherd,Jayden_Shepherd3302@gmail.com,12/22/1999,$24 ,IDEPT1142
IU680743,Harry,Morrison,Harry_Morrison1795@sheye.org,6/8/2006,$20 ,IDEPT1367
IU348664,Rufus,Turner,Rufus_Turner3754@qater.org,2/1/2002,$20 ,IDEPT7783
IU300148,Barney,Fisher,Barney_Fisher7570@gembat.biz,1/14/2001,$30 ,IDEPT3062
IU968470,Nick,Penn,Nick_Penn8549@mafthy.com,10/6/2010,$48 ,IDEPT1388
IU338809,Rhea,Hunt,Rhea_Hunt654@bungar.biz,4/22/2004,$20 ,IDEPT8313
IU119855,Chester,Plant,Chester_Plant2321@eirey.tech,7/5/2013,$38 ,IDEPT2425
IU171535,Hope,Fleming,Hope_Fleming2265@supunk.biz,10/13/2013,$39 ,IDEPT1378
IU428631,Mara,Campbell,Mara_Campbell4581@famism.biz,6/2/2001,$23 ,IDEPT5127
IU674290,Adalind,Myatt,Adalind_Myatt4289@ubusive.com,3/29/2006,$23 ,IDEPT5408
IU580499,Carmen,Khan,Carmen_Khan5355@ubusive.com,1/29/2011,$37 ,IDEPT1142
IU486342,Michaela,Parker,Michaela_Parker9209@cispeto.com,10/11/2008,$20 ,IDEPT1367
IU820511,Tom,Rivers,Tom_Rivers1681@muall.tech,11/11/2010,$20 ,IDEPT7783
IU407408,Candice,Rixon,Candice_Rixon8359@joiniaa.com,10/19/2006,$20 ,IDEPT3062
IU171891,Mike,Oliver,Mike_Oliver5692@womeona.net,7/18/2003,$21 ,IDEPT1388
IU275641,Mike,Rowlands,Mike_Rowlands7122@zorer.org,1/15/2014,$26 ,IDEPT8313
IU780299,Elise,Evans,Elise_Evans3445@kideod.biz,10/3/2007,$20 ,IDEPT2425
IU300673,Chester,Hunt,Chester_Hunt8265@deavo.com,3/28/2001,$29 ,IDEPT1378
IU301330,Benjamin,Taylor,Benjamin_Taylor4656@iatim.tech,8/5/2001,$20 ,IDEPT5127
IU564831,Kurt,Rigg,Kurt_Rigg656@gmail.com,5/15/2006,$40 ,IDEPT5408
IU391736,Ron,Holt,Ron_Holt1790@gompie.com,9/2/2007,$20 ,IDEPT1142
IU133525,Carl,Douglas,Carl_Douglas4529@naiker.biz,8/26/2010,$34 ,IDEPT1367
IU160119,Dalia,Wood,Dalia_Wood3632@nimogy.biz,4/27/2003,$31 ,IDEPT7783
IU806621,Samara,Evans,Samara_Evans6940@muall.tech,7/29/2009,$41 ,IDEPT3062
IU908741,Brad,Russel,Brad_Russel7845@bauros.biz,11/23/2013,$20 ,IDEPT1388
IU821348,David,Donovan,David_Donovan4894@corti.com,4/13/2010,$20 ,IDEPT8313
IU271286,Maia,Strong,Maia_Strong2048@corti.com,5/30/2007,$20 ,IDEPT2425
IU859028,Diane,Mann,Diane_Mann3135@yahoo.com,12/22/2009,$20 ,IDEPT1378
IU440953,Cassidy,Lynch,Cassidy_Lynch4568@twace.org,8/21/2012,$20 ,IDEPT5127
IU782253,Harriet,Robinson,Harriet_Robinson4808@bretoux.com,6/3/2011,$20 ,IDEPT5408
IU641916,Logan,Tailor,Logan_Tailor6146@vetan.org,2/23/2008,$30 ,IDEPT1142
IU705753,Anabelle,Woods,Anabelle_Woods4838@ubusive.com,2/20/2001,$35 ,IDEPT1367
IU753520,Maxwell,Allen,Maxwell_Allen6256@womeona.net,10/4/2006,$28 ,IDEPT7783
IU829108,Jayden,Edley,Jayden_Edley7080@deons.tech,5/11/2007,$20 ,IDEPT3062
IU138448,Alba,Edley,Alba_Edley6460@gembat.biz,3/10/2003,$30 ,IDEPT1388
IU420763,Tony,Spencer,Tony_Spencer9654@hourpy.biz,5/27/2008,$33 ,IDEPT8313
IU233038,Caitlyn,Ring,Caitlyn_Ring9476@tonsy.org,12/12/2008,$21 ,IDEPT2425
IU695482,Destiny,Lewis,Destiny_Lewis3771@corti.com,4/18/2008,$34 ,IDEPT1378
IU528881,Scarlett,Robinson,Scarlett_Robinson2021@womeona.net,3/27/2011,$20 ,IDEPT5127
IU780387,Hayden,Grady,Hayden_Grady5069@brety.org,2/13/2006,$39 ,IDEPT5408
IU758744,Tiffany,Furnell,Tiffany_Furnell6713@bretoux.com,6/24/2000,$20 ,IDEPT1142
IU614210,Dani,Jenkin,Dani_Jenkin9307@dionrab.com,9/2/2001,$20 ,IDEPT1367
IU570506,Chanelle,Herbert,Chanelle_Herbert8443@extex.org,10/9/2005,$20 ,IDEPT7783
IU277655,Melinda,Griffiths,Melinda_Griffiths2478@womeona.net,9/18/2001,$20 ,IDEPT3062
IU677053,Dasha,Bright,Dasha_Bright4305@twipet.com,5/27/2003,$20 ,IDEPT1388
IU661044,Ronald,Emmott,Ronald_Emmott5469@nanoff.biz,4/8/2010,$35 ,IDEPT8313
IU739520,Owen,Barrett,Owen_Barrett4212@elnee.tech,5/25/2001,$21 ,IDEPT2425
IU445489,Denny,Warren,Denny_Warren5475@infotech44.tech,1/24/2006,$45 ,IDEPT1378
IU838077,Shelby,Marshall,Shelby_Marshall5409@sheye.org,4/12/2007,$50 ,IDEPT5127
IU164953,Elle,Warden,Elle_Warden9499@corti.com,7/26/2007,$43 ,IDEPT5408
IU605579,Stacy,Quinnell,Stacy_Quinnell4723@mafthy.com,8/13/2007,$40 ,IDEPT1142
IU202628,Catherine,Blackwall,Catherine_Blackwall9709@kideod.biz,5/19/2007,$23 ,IDEPT1367
IU469763,Hayden,Brown,Hayden_Brown1864@gompie.com,4/7/2010,$36 ,IDEPT7783
IU429696,Martin,Avery,Martin_Avery4184@kideod.biz,1/12/2001,$29 ,IDEPT3062
IU702617,Tyson,Shelton,Tyson_Shelton9092@fuliss.net,4/1/2008,$20 ,IDEPT1388
IU301679,Renee,Torres,Renee_Torres3660@gompie.com,1/1/2014,$20 ,IDEPT8313
IU136186,Rufus,Rothwell,Rufus_Rothwell9028@guentu.biz,7/11/2014,$49 ,IDEPT2425
IU226782,Aurelia,Olson,Aurelia_Olson6706@fuliss.net,9/9/2013,$44 ,IDEPT1378
IU469798,Denny,Selby,Denny_Selby7090@yahoo.com,8/27/2008,$48 ,IDEPT5127
IU731281,Owen,Morris,Owen_Morris6158@qater.org,7/2/2007,$24 ,IDEPT5408
IU573049,Mark,Eaton,Mark_Eaton6426@deavo.com,3/1/2000,$20 ,IDEPT1142
IU845710,Rae,Lloyd,Rae_Lloyd6017@corti.com,10/26/2001,$20 ,IDEPT1367
IU228243,Samara,Uttley,Samara_Uttley179@kideod.biz,9/28/2003,$20 ,IDEPT7783
IU684059,Luke,Barclay,Luke_Barclay723@nimogy.biz,3/12/2000,$35 ,IDEPT3062
IU869693,Karen,Rogers,Karen_Rogers6005@acrit.org,1/13/2010,$48 ,IDEPT1388
IU418731,Katelyn,Needham,Katelyn_Needham5931@tonsy.org,4/13/2014,$23 ,IDEPT8313
IU397409,Cadence,Milner,Cadence_Milner9566@sveldo.biz,8/24/2006,$20 ,IDEPT2425
IU892420,Sasha,Slater,Sasha_Slater9139@muall.tech,8/4/2001,$20 ,IDEPT1378
IU122721,Denny,Swift,Denny_Swift5990@nimogy.biz,8/30/2005,$45 ,IDEPT5127
IU512644,Clint,Curtis,Clint_Curtis4348@qater.org,8/1/2009,$42 ,IDEPT5408
IU909240,Ema,Robertson,Ema_Robertson9540@guentu.biz,5/9/2014,$23 ,IDEPT1142
IU663263,Noah,Allington,Noah_Allington8759@iatim.tech,2/5/2004,$48 ,IDEPT1367
IU425212,Henry,Tobin,Henry_Tobin3313@irrepsy.com,12/10/2012,$28 ,IDEPT7783
IU202625,Miriam,Addison,Miriam_Addison1718@brety.org,11/14/2011,$41 ,IDEPT3062
IU738148,Violet,Eyres,Violet_Eyres7693@bretoux.com,12/13/2013,$23 ,IDEPT1388
IU430177,Havana,Gibbons,Havana_Gibbons9067@nanoff.biz,10/20/2007,$50 ,IDEPT8313
IU635288,Javier,Grant,Javier_Grant6293@sveldo.biz,6/5/2012,$20 ,IDEPT2425
IU789680,Allison,Button,Allison_Button9865@acrit.org,7/9/2010,$30 ,IDEPT1378
IU182243,Brad,Campbell,Brad_Campbell8094@typill.biz,11/9/2008,$20 ,IDEPT5127
IU327985,Nathan,Hardwick,Nathan_Hardwick8551@deavo.com,8/24/2009,$20 ,IDEPT5408
IU533528,Henry,Noach,Henry_Noach9186@muall.tech,3/3/2005,$31 ,IDEPT1142
IU723031,Elle,Watt,Elle_Watt8658@hourpy.biz,7/20/2006,$34 ,IDEPT1367
IU934910,Liliana,Fulton,Liliana_Fulton9064@naiker.biz,6/4/2009,$42 ,IDEPT7783
IU169952,Angela,Gaynor,Angela_Gaynor7581@tonsy.org,3/11/2004,$20 ,IDEPT3062
IU178366,Karen,Hopkinson,Karen_Hopkinson7777@bauros.biz,11/1/2004,$45 ,IDEPT1388
IU721549,Alison,Goldsmith,Alison_Goldsmith7256@cispeto.com,12/2/2009,$20 ,IDEPT8313
IU516266,Eduardo,Taylor,Eduardo_Taylor9112@joiniaa.com,12/6/2004,$40 ,IDEPT2425
IU862692,Alan,Redden,Alan_Redden6362@dionrab.com,10/16/2012,$36 ,IDEPT1378
IU207880,Phillip,Walker,Phillip_Walker9348@deavo.com,11/25/2012,$24 ,IDEPT5127
IU820075,John,Ianson,John_Ianson5060@yahoo.com,11/3/2013,$46 ,IDEPT5408
IU427979,Harvey,Underhill,Harvey_Underhill7038@hourpy.biz,6/12/2012,$25 ,IDEPT1142
IU325411,Aurelia,Crawford,Aurelia_Crawford7159@grannar.com,3/1/2009,$20 ,IDEPT1367
IU559192,Regina,Cameron,Regina_Cameron4889@mafthy.com,1/19/2009,$49 ,IDEPT7783
IU642949,Marla,Morgan,Marla_Morgan4409@mafthy.com,4/24/2012,$20 ,IDEPT3062
IU341933,Olivia,Rogan,Olivia_Rogan2135@womeona.net,8/1/2012,$20 ,IDEPT1388
IU906322,Wade,Hopkins,Wade_Hopkins7677@gembat.biz,1/21/2001,$20 ,IDEPT8313
IU816890,Bart,Niles,Bart_Niles9395@sheye.org,8/9/1999,$44 ,IDEPT2425
IU506955,Sharon,Gordon,Sharon_Gordon8833@bungar.biz,5/19/2006,$20 ,IDEPT1378
IU211110,Domenic,Allwood,Domenic_Allwood410@deons.tech,8/1/2012,$39 ,IDEPT5127
IU408398,Leroy,Kelly,Leroy_Kelly714@bungar.biz,7/25/2001,$22 ,IDEPT5408
IU751501,Javier,Grant,Javier_Grant139@deons.tech,6/28/2002,$32 ,IDEPT1142
IU170799,Hanna,Snell,Hanna_Snell6960@guentu.biz,3/12/2005,$20 ,IDEPT1367
IU752831,Rick,Fenton,Rick_Fenton9868@bulaffy.com,12/12/2005,$37 ,IDEPT7783
IU850341,David,Wilson,David_Wilson6546@twipet.com,1/24/2001,$20 ,IDEPT3062
IU410635,Alessandra,Seymour,Alessandra_Seymour7001@deavo.com,8/14/2008,$44 ,IDEPT1388
IU864193,John,Riley,John_Riley8074@supunk.biz,11/12/2013,$33 ,IDEPT8313
IU681338,Barry,Chappell,Barry_Chappell8136@liret.org,3/7/2009,$20 ,IDEPT2425
IU265455,Margot,Jacobs,Margot_Jacobs8600@iatim.tech,2/4/2001,$32 ,IDEPT1378
IU375598,Mike,Alcroft,Mike_Alcroft3467@jiman.org,10/21/2000,$20 ,IDEPT5127
IU508574,Leilani,Freeburn,Leilani_Freeburn5883@infotech44.tech,10/10/2009,$24 ,IDEPT5408
IU960495,Dasha,Irving,Dasha_Irving2862@fuliss.net,8/30/2003,$20 ,IDEPT1142
IU428752,Peter,Downing,Peter_Downing8990@bulaffy.com,6/9/2007,$20 ,IDEPT1367
IU204067,Aiden,Woods,Aiden_Woods1412@dionrab.com,7/7/2006,$20 ,IDEPT7783
IU208561,Eryn,Gonzales,Eryn_Gonzales2005@extex.org,1/31/2011,$38 ,IDEPT3062
IU519293,Chad,Lyon,Chad_Lyon6804@naiker.biz,6/4/2009,$20 ,IDEPT1388
IU822516,Elise,Poole,Elise_Poole142@nickia.com,5/25/2014,$20 ,IDEPT8313
IU995320,Jocelyn,Oakley,Jocelyn_Oakley1626@gmail.com,7/17/2003,$20 ,IDEPT2425
IU964518,Nate,Uttley,Nate_Uttley2899@dionrab.com,8/23/2013,$32 ,IDEPT1378
IU894235,Mona,Shelton,Mona_Shelton6243@elnee.tech,8/26/2012,$20 ,IDEPT5127
IU288401,Chester,Townend,Chester_Townend6940@gompie.com,9/8/1999,$27 ,IDEPT5408
IU291748,Denis,Tobin,Denis_Tobin1908@cispeto.com,7/29/2001,$40 ,IDEPT1142
IU241381,Norah,Rose,Norah_Rose2350@bungar.biz,11/16/2011,$20 ,IDEPT1367
IU268506,Daniel,Garcia,Daniel_Garcia4788@twipet.com,2/19/2007,$23 ,IDEPT7783
IU366991,Emely,Gordon,Emely_Gordon8244@liret.org,10/12/2002,$47 ,IDEPT3062
IU399810,Enoch,Strong,Enoch_Strong5733@joiniaa.com,1/29/2009,$20 ,IDEPT1388
IU312327,Rufus,Dwyer,Rufus_Dwyer1110@hourpy.biz,3/17/2012,$20 ,IDEPT8313
IU153231,Luke,Spencer,Luke_Spencer9993@guentu.biz,11/27/2007,$20 ,IDEPT2425
IU657927,Taylor,Clark,Taylor_Clark6901@brety.org,5/3/2001,$20 ,IDEPT1378
IU191586,Rufus,Dwyer,Rufus_Dwyer9414@bulaffy.com,4/23/2002,$20 ,IDEPT5127
IU246186,Rosemary,Jarvis,Rosemary_Jarvis6628@brety.org,1/19/2009,$48 ,IDEPT5408
IU981891,Matthew,Emerson,Matthew_Emerson5087@ovock.tech,3/10/2009,$28 ,IDEPT1142
IU538991,Manuel,Power,Manuel_Power4270@qater.org,3/20/2014,$38 ,IDEPT1367
IU268651,Lynn,Whitehouse,Lynn_Whitehouse3302@kideod.biz,10/26/2002,$26 ,IDEPT7783
IU738373,Diane,Parsons,Diane_Parsons7397@qater.org,1/14/2005,$20 ,IDEPT3062
IU944782,Rosalee,Evans,Rosalee_Evans3377@tonsy.org,8/27/2007,$42 ,IDEPT1388
IU626787,Leah,Allcott,Leah_Allcott8390@nanoff.biz,8/5/2010,$23 ,IDEPT7005
IU214283,Alexander,Leslie,Alexander_Leslie4530@acrit.org,12/27/2008,$20 ,IDEPT1533
IU510307,Gil,Haines,Gil_Haines7155@corti.com,1/25/2011,$25 ,IDEPT3778
IU761906,Janice,Varley,Janice_Varley5847@muall.tech,4/10/2013,$35 ,IDEPT4055
IU390465,Josh,Knight,Josh_Knight1432@corti.com,5/13/2001,$50 ,IDEPT2601
IU490542,Boris,Khan,Boris_Khan421@hourpy.biz,1/30/2005,$20 ,IDEPT1677
IU349204,Helen,Gavin,Helen_Gavin4737@zorer.org,9/27/2009,$20 ,IDEPT7626
IU323581,Chad,Abbot,Chad_Abbot6169@sveldo.biz,9/27/2008,$31 ,IDEPT5109
IU217492,Alexa,King,Alexa_King2765@deavo.com,11/20/2003,$20 ,IDEPT1615
IU220175,Samara,Hunter,Samara_Hunter5880@jiman.org,1/10/2002,$20 ,IDEPT3868
IU821623,Liam,Dubois,Liam_Dubois4362@typill.biz,1/1/2007,$42 ,IDEPT6347
IU870155,Marla,Carpenter,Marla_Carpenter8545@gompie.com,10/31/2008,$24 ,IDEPT8598
IU480250,Sadie,Shea,Sadie_Shea8937@elnee.tech,1/27/2010,$50 ,IDEPT8473
IU819549,Alexander,Russel,Alexander_Russel959@nickia.com,3/27/2007,$48 ,IDEPT1096
IU187772,Sylvia,Ross,Sylvia_Ross3212@twipet.com,5/11/2013,$20 ,IDEPT4308
IU498408,Barry,Cunningham,Barry_Cunningham2487@typill.biz,8/20/2005,$27 ,IDEPT1836
IU124080,Victoria,Collins,Victoria_Collins4441@joiniaa.com,10/31/2003,$30 ,IDEPT8825
IU260788,Joseph,Steer,Joseph_Steer2463@gompie.com,11/19/2007,$41 ,IDEPT5564
IU366351,Roger,Thomson,Roger_Thomson6213@deons.tech,10/16/2003,$25 ,IDEPT7005
IU492187,Alexa,Hill,Alexa_Hill5075@famism.biz,7/4/2014,$20 ,IDEPT1533
IU222599,Hank,Lewis,Hank_Lewis9670@eirey.tech,8/19/2013,$45 ,IDEPT3778
IU415304,Macy,Ellwood,Macy_Ellwood9842@corti.com,11/23/2013,$20 ,IDEPT4055
IU947736,Dalia,Simpson,Dalia_Simpson1630@tonsy.org,11/24/2008,$31 ,IDEPT2601
IU906894,Martin,Dowson,Martin_Dowson2935@zorer.org,12/19/2010,$45 ,IDEPT1677
IU973524,Taylor,Bayliss,Taylor_Bayliss6117@kideod.biz,2/8/2011,$38 ,IDEPT7626
IU327964,Johnathan,Jenkins,Johnathan_Jenkins6527@corti.com,8/5/2000,$40 ,IDEPT5109
IU370459,Joy,Stewart,Joy_Stewart5289@fuliss.net,4/22/2006,$20 ,IDEPT1615
IU444478,Hailey,Partridge,Hailey_Partridge9770@yahoo.com,3/30/2005,$47 ,IDEPT3868
IU571216,Harriet,Wigley,Harriet_Wigley3735@guentu.biz,10/11/2007,$26 ,IDEPT6347
IU630070,Lorraine,Richards,Lorraine_Richards5295@cispeto.com,4/27/2000,$20 ,IDEPT8598
IU317969,Julia,Vaughan,Julia_Vaughan2725@vetan.org,5/25/2000,$20 ,IDEPT8473
IU342775,Camden,Pitt,Camden_Pitt2546@bretoux.com,6/23/2011,$30 ,IDEPT1096
IU348500,Raquel,Richards,Raquel_Richards5985@jiman.org,8/31/2013,$28 ,IDEPT4308
IU971602,Juliette,Bayliss,Juliette_Bayliss3492@iatim.tech,5/24/2013,$20 ,IDEPT1836
IU610008,Margot,Brooks,Margot_Brooks4070@typill.biz,4/23/2009,$43 ,IDEPT8825
IU976032,Julian,Uttley,Julian_Uttley940@mafthy.com,9/15/2006,$21 ,IDEPT5564
IU879530,Iris,Ingham,Iris_Ingham7908@hourpy.biz,1/11/2004,$29 ,IDEPT7005
IU777655,Angela,Vinton,Angela_Vinton5510@twipet.com,10/12/2008,$20 ,IDEPT1533
IU146516,Jayden,Farrant,Jayden_Farrant8109@nimogy.biz,3/6/2010,$31 ,IDEPT3778
IU588644,Roger,Savage,Roger_Savage1467@zorer.org,5/26/2002,$34 ,IDEPT4055
IU131301,Ryan,Tutton,Ryan_Tutton7712@nimogy.biz,5/24/2010,$48 ,IDEPT2601
IU330011,Harmony,Quinton,Harmony_Quinton9326@nickia.com,5/16/2002,$26 ,IDEPT1677
IU437832,Ramon,Notman,Ramon_Notman4196@twipet.com,5/6/2002,$41 ,IDEPT7626
IU603458,Hayden,Farrow,Hayden_Farrow4627@elnee.tech,5/30/2004,$20 ,IDEPT5109
IU290072,Jayden,Pitt,Jayden_Pitt1833@twace.org,3/20/2012,$20 ,IDEPT1615
IU674734,Vera,Palmer,Vera_Palmer2664@extex.org,12/22/2002,$40 ,IDEPT3868
IU410633,Thea,Malone,Thea_Malone6185@sveldo.biz,5/26/2014,$32 ,IDEPT6347
IU923599,Kate,Cavanagh,Kate_Cavanagh5769@atink.com,12/27/2011,$30 ,IDEPT8598
IU263351,Drew,Mooney,Drew_Mooney5770@supunk.biz,4/21/2009,$20 ,IDEPT8473
IU677544,Benjamin,Plumb,Benjamin_Plumb8233@mafthy.com,5/15/2000,$45 ,IDEPT1096
IU304996,Enoch,King,Enoch_King7107@acrit.org,7/13/2008,$20 ,IDEPT4308
IU689925,Domenic,Hammond,Domenic_Hammond4476@bungar.biz,10/4/2007,$20 ,IDEPT1836
IU250243,John,Tyler,John_Tyler6901@brety.org,2/26/2004,$41 ,IDEPT8825
IU643936,Jack,Larkin,Jack_Larkin4240@atink.com,6/9/2012,$20 ,IDEPT5564
IU320174,Owen,Holmes,Owen_Holmes2523@liret.org,1/22/2007,$33 ,IDEPT7005
IU704775,Matt,Watson,Matt_Watson494@deavo.com,12/22/2004,$38 ,IDEPT1533
IU832124,Erica,Redden,Erica_Redden2063@typill.biz,2/27/2002,$20 ,IDEPT3778
IU625266,Lucy,Talbot,Lucy_Talbot1467@deavo.com,12/18/2012,$32 ,IDEPT4055
IU528344,John,White,John_White5281@jiman.org,6/13/2011,$39 ,IDEPT2601
IU456695,Julian,Oakley,Julian_Oakley2753@fuliss.net,6/14/2008,$38 ,IDEPT1677
IU533189,Liv,Stanton,Liv_Stanton7026@grannar.com,11/22/2007,$20 ,IDEPT7626
IU201056,Daniel,Lewin,Daniel_Lewin8677@joiniaa.com,11/21/2003,$20 ,IDEPT5109
IU906576,Charlotte,Dann,Charlotte_Dann7560@ovock.tech,10/30/2000,$20 ,IDEPT1615
IU335562,Julian,Funnell,Julian_Funnell1225@joiniaa.com,4/7/2014,$45 ,IDEPT3868
IU193468,Amy,Coleman,Amy_Coleman7770@supunk.biz,11/16/2012,$20 ,IDEPT6347
IU351745,Hailey,Watt,Hailey_Watt4971@liret.org,5/6/2012,$20 ,IDEPT8598
IU345987,Hank,Ellis,Hank_Ellis6544@corti.com,4/8/2014,$20 ,IDEPT8473
IU299274,Manuel,Swift,Manuel_Swift8889@muall.tech,4/23/2002,$33 ,IDEPT1096
IU482350,Claire,Cameron,Claire_Cameron5493@guentu.biz,11/22/2010,$20 ,IDEPT4308
IU123559,Tony,Wise,Tony_Wise8173@acrit.org,5/7/2012,$46 ,IDEPT1836
IU698701,Leroy,West,Leroy_West1065@deons.tech,12/28/2005,$20 ,IDEPT8825
IU215930,Sebastian,Clifton,Sebastian_Clifton3156@famism.biz,2/15/2002,$20 ,IDEPT5564
IU191434,Daron,Forth,Daron_Forth1102@extex.org,12/3/2007,$44 ,IDEPT7005
IU826622,Carter,Mould,Carter_Mould3728@joiniaa.com,10/27/2008,$20 ,IDEPT1533
IU817598,Hailey,Thomas,Hailey_Thomas3204@jiman.org,7/2/2002,$47 ,IDEPT3778
IU155569,Janelle,Harris,Janelle_Harris5513@cispeto.com,4/23/2013,$46 ,IDEPT4055
IU390407,Cassandra,Yarwood,Cassandra_Yarwood2067@bungar.biz,5/9/2010,$23 ,IDEPT2601
IU863998,Rosalie,Palmer,Rosalie_Palmer2518@nanoff.biz,6/21/2001,$20 ,IDEPT1677
IU922106,Willow,Tait,Willow_Tait7504@nimogy.biz,3/2/2014,$43 ,IDEPT7626
IU237580,Hank,Edler,Hank_Edler5894@typill.biz,3/4/2014,$47 ,IDEPT5109
IU241057,Aiden,Weasley,Aiden_Weasley6631@ubusive.com,8/24/2013,$21 ,IDEPT1615
IU325317,Anthony,Stanley,Anthony_Stanley1005@nimogy.biz,11/2/2009,$25 ,IDEPT3868
IU616128,Tyson,Nayler,Tyson_Nayler2809@gembat.biz,1/21/2010,$48 ,IDEPT6347
IU219814,Noemi,Connor,Noemi_Connor9867@gembat.biz,2/20/2012,$20 ,IDEPT8598
IU715343,Caleb,Mccormick,Caleb_Mccormick179@supunk.biz,1/6/2008,$43 ,IDEPT8473
IU927129,Lillian,Holmes,Lillian_Holmes6093@mafthy.com,9/3/2008,$20 ,IDEPT1096
IU548721,Carissa,Verdon,Carissa_Verdon7362@sheye.org,7/29/2005,$36 ,IDEPT4308
IU329263,Ethan,Sylvester,Ethan_Sylvester7932@elnee.tech,2/4/2000,$40 ,IDEPT1836
IU585927,Lauren,Saunders,Lauren_Saunders3827@kideod.biz,5/27/2014,$33 ,IDEPT8825
IU632690,Barry,Butler,Barry_Butler4668@twipet.com,5/31/2008,$20 ,IDEPT5564
IU319397,Hayden,Groves,Hayden_Groves6916@gompie.com,6/28/2006,$45 ,IDEPT7005
IU515736,Mabel,Verdon,Mabel_Verdon6544@bretoux.com,4/30/2000,$20 ,IDEPT1533
IU933877,Rosemary,Farmer,Rosemary_Farmer6237@brety.org,7/1/2007,$20 ,IDEPT3778
IU873202,Bernadette,Dixon,Bernadette_Dixon3959@cispeto.com,3/23/2012,$48 ,IDEPT4055
IU752119,Brad,Rose,Brad_Rose9906@gmail.com,11/4/2005,$20 ,IDEPT2601
IU123411,Andrea,Ranks,Andrea_Ranks897@jiman.org,6/7/2013,$20 ,IDEPT7005
IU825545,Rick,Rainford,Rick_Rainford2742@nimogy.biz,6/21/2008,$22 ,IDEPT1533
IU398297,Dani,Rust,Dani_Rust1481@deavo.com,3/15/2002,$42 ,IDEPT3778
IU466140,Jack,Owens,Jack_Owens1696@cispeto.com,4/18/2011,$20 ,IDEPT4055
IU651561,Harry,Driscoll,Harry_Driscoll5579@supunk.biz,7/18/2007,$46 ,IDEPT2601
IU132090,Aurelia,Groves,Aurelia_Groves6162@joiniaa.com,4/26/2005,$23 ,IDEPT7005
IU429751,Mason,Henderson,Mason_Henderson2475@grannar.com,7/10/2011,$32 ,IDEPT1533
IU498688,Rosalee,Pond,Rosalee_Pond5799@acrit.org,3/11/2013,$37 ,IDEPT3778
IU243623,Luke,Brown,Luke_Brown6223@liret.org,12/30/2013,$20 ,IDEPT4055
IU739269,Agnes,Page ,Agnes_Page 4766@atink.com,8/22/2003,$32 ,IDEPT2601
IU173065,Barry,Young,Barry_Young9019@guentu.biz,5/6/2006,$20 ,IDEPT7005
IU293657,Lexi,Chapman,Lexi_Chapman3406@sheye.org,4/1/2013,$28 ,IDEPT1533
IU736531,Summer,Coll,Summer_Coll5118@ubusive.com,11/24/2011,$25 ,IDEPT3778
IU146874,Clarissa,Thorne,Clarissa_Thorne103@infotech44.tech,9/25/2004,$20 ,IDEPT4055
IU928832,Charlotte,Collins,Charlotte_Collins475@bungar.biz,11/17/2006,$20 ,IDEPT2601
IU567357,Jacob,Lunt,Jacob_Lunt1781@elnee.tech,4/17/2008,$42 ,IDEPT7005
IU920159,Peter,Warner,Peter_Warner3889@deons.tech,7/20/2004,$21 ,IDEPT1533
IU428129,Ryan,Lakey,Ryan_Lakey2903@hourpy.biz,11/6/2001,$20 ,IDEPT3778
IU568060,Britney,Robertson,Britney_Robertson564@muall.tech,3/6/2014,$34 ,IDEPT4055
IU855724,Daria,Booth,Daria_Booth4685@nanoff.biz,9/18/2007,$20 ,IDEPT2601
IU750151,Carmella,Swift,Carmella_Swift2066@twace.org,8/17/2001,$23 ,IDEPT4670
IU527590,Violet,Bishop,Violet_Bishop9863@deons.tech,8/22/2008,$21 ,IDEPT5528
IU636090,Sebastian,Alexander,Sebastian_Alexander771@gmail.com,7/7/2002,$42 ,IDEPT3115
IU752672,Sasha,Bristow,Sasha_Bristow1430@nimogy.biz,5/21/2009,$20 ,IDEPT5881
IU227724,Aiden,Alcroft,Aiden_Alcroft3579@qater.org,11/21/2005,$45 ,IDEPT4938
IU827705,Judith,Morris,Judith_Morris9073@elnee.tech,3/31/2011,$37 ,IDEPT1423
IU255180,Erick,Stewart,Erick_Stewart6740@eirey.tech,5/17/2010,$20 ,IDEPT4132
IU361823,Rick,Vallory,Rick_Vallory9000@sveldo.biz,3/28/2002,$21 ,IDEPT2054
IU859418,Mackenzie,Huggins,Mackenzie_Huggins5828@extex.org,9/8/2006,$26 ,IDEPT2357
IU386628,Norah,Murray,Norah_Murray3042@naiker.biz,11/16/2008,$24 ,IDEPT1537
IU713667,William,Weldon,William_Weldon802@dionrab.com,7/28/2007,$20 ,IDEPT8379
IU542025,Lucas,Trent,Lucas_Trent2719@jiman.org,12/8/1999,$43 ,IDEPT1825
IU140338,Valerie,Baxter,Valerie_Baxter5915@grannar.com,9/29/2001,$28 ,IDEPT8313
IU763930,Carter,Boyle,Carter_Boyle3889@eirey.tech,5/22/2000,$27 ,IDEPT2425
IU216642,Gina,Dobson,Gina_Dobson8026@hourpy.biz,7/31/2002,$42 ,IDEPT1378
IU662929,Payton,Leigh,Payton_Leigh5196@brety.org,8/9/2012,$20 ,IDEPT5127
IU235093,Anais,Andersson,Anais_Andersson4663@eirey.tech,8/21/2004,$20 ,IDEPT5408
IU784869,Deborah,Harrington,Deborah_Harrington429@jiman.org,8/27/2004,$20 ,IDEPT1142
IU820355,Paige,Hogg,Paige_Hogg9288@naiker.biz,3/8/2009,$30 ,IDEPT1367
IU221973,Piper,Kelly,Piper_Kelly3060@nimogy.biz,1/12/2010,$25 ,IDEPT7783
IU168958,Aiden,Hopkins,Aiden_Hopkins5868@naiker.biz,9/2/2006,$38 ,IDEPT3062
IU578797,Boris,Fleming,Boris_Fleming4741@gembat.biz,1/23/2011,$46 ,IDEPT1388
IU776397,Owen,Gilbert,Owen_Gilbert5590@deons.tech,10/25/2003,$48 ,IDEPT7005
IU920407,Kieth,Fox,Kieth_Fox8431@brety.org,3/29/2000,$43 ,IDEPT1533
IU207444,Dalia,Allen,Dalia_Allen8619@ovock.tech,9/30/2011,$24 ,IDEPT3778
IU625318,Carl,Dunbar,Carl_Dunbar7061@grannar.com,4/6/2010,$36 ,IDEPT4055
IU184903,Molly,Harper,Molly_Harper2564@nanoff.biz,2/1/2012,$20 ,IDEPT2601
IU598107,Jacob,Taylor,Jacob_Taylor8572@deavo.com,9/30/2000,$39 ,IDEPT1677
IU683857,Melinda,Howard,Melinda_Howard1065@nanoff.biz,12/22/2005,$20 ,IDEPT7626
IU661947,Denny,Dwyer,Denny_Dwyer8139@gompie.com,6/27/2013,$20 ,IDEPT5109
IU413078,Domenic,Forth,Domenic_Forth9747@womeona.net,6/10/2005,$30 ,IDEPT1615
IU248589,Eduardo,Swan,Eduardo_Swan7687@nickia.com,4/6/2003,$32 ,IDEPT3868
IU794640,Maya,Warden,Maya_Warden1698@vetan.org,5/10/2012,$39 ,IDEPT6347
IU612761,Bart,Vane,Bart_Vane2508@tonsy.org,11/15/2007,$49 ,IDEPT8598
IU163934,Jasmine,Palmer,Jasmine_Palmer6514@hourpy.biz,6/7/2013,$49 ,IDEPT8473
IU246634,Celia,Rivers,Celia_Rivers5428@deavo.com,5/13/2003,$20 ,IDEPT1096
IU369805,Zara,Bailey,Zara_Bailey9874@womeona.net,4/17/2004,$33 ,IDEPT4308
IU994214,Hayden,Stanton,Hayden_Stanton7295@twipet.com,12/3/2002,$46 ,IDEPT1836
IU321723,Abdul,Cork,Abdul_Cork2012@infotech44.tech,2/18/2005,$45 ,IDEPT8825
IU815760,Benjamin,Cartwright,Benjamin_Cartwright3669@bretoux.com,12/23/2013,$49 ,IDEPT5564
IU763815,Nate,Kirby,Nate_Kirby4011@jiman.org,8/23/2003,$50 ,IDEPT4670
IU612744,Kieth,Atkinson,Kieth_Atkinson646@deavo.com,8/25/1999,$20 ,IDEPT5528
IU995250,Russel,Thomson,Russel_Thomson5108@twace.org,8/18/2001,$33 ,IDEPT3115
IU742510,Louise,Nicholls,Louise_Nicholls5180@gompie.com,10/7/2002,$49 ,IDEPT5881
IU877835,Martha,Mcnally,Martha_Mcnally7741@extex.org,7/12/2007,$20 ,IDEPT4938
IU726156,Ellen,Gaynor,Ellen_Gaynor536@kideod.biz,5/20/2004,$20 ,IDEPT1423
IU357109,Emery,Warden,Emery_Warden212@zorer.org,12/30/2000,$20 ,IDEPT4132
IU309800,William,Foxley,William_Foxley690@vetan.org,11/26/2002,$31 ,IDEPT2054
IU717028,Courtney,Tanner,Courtney_Tanner3919@corti.com,3/27/2010,$37 ,IDEPT2357
IU338625,Aileen,Rigg,Aileen_Rigg8248@bretoux.com,7/21/2003,$20 ,IDEPT1537
IU175504,Nathan,Vaughan,Nathan_Vaughan7172@corti.com,7/13/2013,$24 ,IDEPT8379
IU969369,Penelope,Powell,Penelope_Powell6981@nimogy.biz,11/2/2001,$20 ,IDEPT1825
IU190368,Phillip,Vollans,Phillip_Vollans7072@supunk.biz,9/12/2004,$20 ,IDEPT8313
IU529688,Britney,Tate,Britney_Tate3665@mafthy.com,12/2/2006,$30 ,IDEPT2425
IU837169,Tom,Cameron,Tom_Cameron7725@womeona.net,7/14/2008,$48 ,IDEPT1378
IU388674,Kenzie,Morris,Kenzie_Morris4798@ubusive.com,4/7/2014,$20 ,IDEPT5127
IU517560,Nate,Ellwood,Nate_Ellwood2679@twipet.com,11/6/2006,$38 ,IDEPT5408
IU470457,Tyson,Johnson,Tyson_Johnson2670@vetan.org,6/24/2006,$39 ,IDEPT1142
IU651302,Andie,Reid,Andie_Reid2387@vetan.org,7/4/2010,$23 ,IDEPT1367
IU151581,Amy,Thomas,Amy_Thomas9707@kideod.biz,5/28/2000,$23 ,IDEPT7783
IU656073,Kamila,Gray,Kamila_Gray4452@liret.org,2/21/2006,$37 ,IDEPT3062
IU136453,Fred,James,Fred_James5305@infotech44.tech,10/21/1999,$20 ,IDEPT1388
IU170457,Denis,Griffiths,Denis_Griffiths5912@typill.biz,7/18/2007,$20 ,IDEPT7005
IU401825,Daniel,May,Daniel_May4507@fuliss.net,4/23/2008,$20 ,IDEPT1533
IU899277,Denny,Vane,Denny_Vane6013@yahoo.com,6/14/2009,$21 ,IDEPT3778
IU427981,Michaela,Thatcher,Michaela_Thatcher1415@dionrab.com,5/16/2005,$26 ,IDEPT4055
IU330126,Alice,Spencer,Alice_Spencer3034@deavo.com,9/10/2004,$20 ,IDEPT2601
IU537101,Henry,Ogilvy,Henry_Ogilvy8613@tonsy.org,3/31/2003,$29 ,IDEPT1677
IU605891,Mason,Noach,Mason_Noach6449@sheye.org,3/14/2012,$20 ,IDEPT7626
IU252300,Evelynn,Boyle,Evelynn_Boyle267@twace.org,3/21/2007,$40 ,IDEPT5109
IU302290,Owen,Widdows,Owen_Widdows4721@typill.biz,5/31/2004,$20 ,IDEPT1615
IU525119,Liam,Robinson,Liam_Robinson6020@elnee.tech,7/1/2010,$34 ,IDEPT3868
IU132172,Ciara,Janes,Ciara_Janes9639@joiniaa.com,7/20/1999,$31 ,IDEPT6347
IU313801,Alexander,Marshall,Alexander_Marshall6616@yahoo.com,8/8/2001,$41 ,IDEPT8598
IU388666,Barney,Pratt,Barney_Pratt1351@atink.com,2/6/2007,$20 ,IDEPT8473
IU180575,Caleb,Benfield,Caleb_Benfield1523@vetan.org,9/4/2006,$20 ,IDEPT1096
IU117698,Kamila,Blackburn,Kamila_Blackburn9611@nanoff.biz,2/7/2009,$20 ,IDEPT4308
IU243018,Benny,Moreno,Benny_Moreno2525@famism.biz,1/14/2012,$20 ,IDEPT1836
IU360008,Rhea,Kirby,Rhea_Kirby3974@deavo.com,9/18/2001,$20 ,IDEPT8825
IU687483,Molly,Radcliffe,Molly_Radcliffe8446@nanoff.biz,9/17/2006,$20 ,IDEPT5564
IU123462,Ethan,Durrant,Ethan_Durrant3609@mafthy.com,12/24/2004,$30 ,IDEPT4670
IU452709,Maxwell,Saunders,Maxwell_Saunders7268@jiman.org,9/16/2006,$35 ,IDEPT5528
IU341934,Rosemary,Walsh,Rosemary_Walsh8230@eirey.tech,6/27/2000,$28 ,IDEPT3115
IU813724,Nicholas,Wilcox,Nicholas_Wilcox4392@supunk.biz,10/28/2000,$20 ,IDEPT5881
IU264087,Bree,Spencer,Bree_Spencer2147@nanoff.biz,11/26/2001,$30 ,IDEPT4938
IU994689,Quinn,Penn,Quinn_Penn9166@bretoux.com,3/26/2005,$33 ,IDEPT1423
IU332671,Jack,Corbett,Jack_Corbett882@tonsy.org,8/19/2003,$21 ,IDEPT4132
IU141872,Mike,Todd,Mike_Todd9608@cispeto.com,9/17/2005,$34 ,IDEPT2054
IU981557,Maribel,Donovan,Maribel_Donovan7557@supunk.biz,1/24/2014,$20 ,IDEPT2357
IU978568,Gil,Rees,Gil_Rees989@supunk.biz,10/22/2010,$39 ,IDEPT1537
IU692670,Matt,Rogers,Matt_Rogers4908@ubusive.com,6/21/2008,$20 ,IDEPT8379
IU769461,Lily,Jennson,Lily_Jennson8209@sveldo.biz,12/27/2004,$20 ,IDEPT1825
IU495951,Percy,Kent,Percy_Kent5484@qater.org,7/21/2008,$20 ,IDEPT8313
IU280711,Chuck,White,Chuck_White3477@brety.org,8/20/2002,$20 ,IDEPT2425
IU939315,Selena,Wright,Selena_Wright3842@liret.org,10/19/2004,$20 ,IDEPT1378
IU508882,Tony,Robinson,Tony_Robinson2212@irrepsy.com,4/18/2006,$35 ,IDEPT5127
IU606440,Julia,Shepherd,Julia_Shepherd2197@yahoo.com,3/14/2003,$21 ,IDEPT5408
IU493308,Luke,Owen,Luke_Owen4409@corti.com,7/31/2011,$45 ,IDEPT1142
IU862282,Erin,Ranks,Erin_Ranks7605@acrit.org,5/22/2005,$50 ,IDEPT1367
IU735889,Mara,Poole,Mara_Poole417@gmail.com,12/1/2012,$43 ,IDEPT7783
IU210386,Boris,Haines,Boris_Haines105@famism.biz,7/15/2007,$40 ,IDEPT3062
IU420817,Alexander,Johnson,Alexander_Johnson1449@jiman.org,12/29/2003,$23 ,IDEPT1388
IU676965,Allison,Emmett,Allison_Emmett8313@mafthy.com,8/28/1999,$36 ,IDEPT7005
IU668015,Analise,Oldfield,Analise_Oldfield7549@vetan.org,5/19/2013,$29 ,IDEPT1533
IU188961,Alma,Sinclair,Alma_Sinclair5624@nanoff.biz,8/25/2011,$20 ,IDEPT3778
IU735338,Daniel,Collins,Daniel_Collins7219@corti.com,4/25/2010,$20 ,IDEPT4055
IU206620,Natalie,Paterson,Natalie_Paterson1938@atink.com,1/15/2006,$49 ,IDEPT2601
IU804279,Abbey,Jeffery,Abbey_Jeffery4321@yahoo.com,9/11/2013,$44 ,IDEPT1677
IU148710,Maxwell,Truscott,Maxwell_Truscott9679@sheye.org,10/23/1999,$48 ,IDEPT7626
IU925003,Gemma,Ralph,Gemma_Ralph8816@extex.org,5/2/2003,$24 ,IDEPT5109
IU265380,Nina,Rivers,Nina_Rivers7229@typill.biz,7/26/2012,$20 ,IDEPT1615
IU967952,John,Murphy,John_Murphy3302@deons.tech,7/31/2007,$20 ,IDEPT3868
IU185809,Daniel,Stanley,Daniel_Stanley7618@corti.com,9/16/2008,$20 ,IDEPT6347
IU686897,George,Morris,George_Morris9053@atink.com,12/14/2005,$35 ,IDEPT8598
IU181001,Dorothy,Quinnell,Dorothy_Quinnell6972@fuliss.net,11/13/2006,$48 ,IDEPT8473
IU612137,Mavis,Potts,Mavis_Potts3380@corti.com,3/31/2012,$23 ,IDEPT1096
IU131224,Henry,Knott,Henry_Knott8498@zorer.org,8/17/2007,$20 ,IDEPT4308
IU569109,Audrey,Richards,Audrey_Richards3627@sveldo.biz,6/29/2005,$20 ,IDEPT1836
IU799895,Camellia,Wheeler,Camellia_Wheeler1477@qater.org,1/19/2008,$45 ,IDEPT8825
IU839795,Denis,Russell,Denis_Russell540@gompie.com,6/22/2000,$42 ,IDEPT5564
IU417180,Angel,Daniells,Angel_Daniells8813@fuliss.net,11/2/2002,$23 ,IDEPT4670
IU210927,Harvey,Paterson,Harvey_Paterson2288@supunk.biz,7/20/2010,$48 ,IDEPT5528
IU206105,Chadwick,James,Chadwick_James8657@irrepsy.com,9/25/2001,$28 ,IDEPT4670
IU383907,Ryan,Dobson,Ryan_Dobson3332@tonsy.org,4/15/2013,$41 ,IDEPT5528
IU583972,Alessandra,Norman,Alessandra_Norman4704@extex.org,5/9/2008,$23 ,IDEPT4670
IU653615,Violet,Tyrrell,Violet_Tyrrell1201@fuliss.net,3/12/2004,$50 ,IDEPT5528
IU556080,Maxwell,Healy,Maxwell_Healy3633@qater.org,12/20/2009,$20 ,IDEPT4670
IU684832,Thea,Bell,Thea_Bell8605@supunk.biz,2/14/2001,$30 ,IDEPT5528
IU502086,Hanna,Strong,Hanna_Strong8747@sveldo.biz,7/27/2013,$20 ,IDEPT4670
IU243903,Maya,Greenwood,Maya_Greenwood397@tonsy.org,6/7/2002,$20 ,IDEPT5528
IU140464,Anabel,Addley,Anabel_Addley6081@extex.org,10/5/2009,$31 ,IDEPT4670
IU828483,Kimberly,Ramsey,Kimberly_Ramsey5278@acrit.org,4/30/2007,$34 ,IDEPT5528
IU542528,Brooklyn,Coleman,Brooklyn_Coleman185@gompie.com,11/20/2000,$42 ,IDEPT4670
IU791247,Sara,Huggins,Sara_Huggins1158@nanoff.biz,9/14/2008,$20 ,IDEPT5528
IU899908,Anthony,Wellington,Anthony_Wellington7691@ovock.tech,10/24/2006,$45 ,IDEPT4670
IU682435,Chanelle,Nanton,Chanelle_Nanton2286@zorer.org,8/6/2009,$20 ,IDEPT5528
IU258875,Crystal,Murray,Crystal_Murray5286@atink.com,10/14/2002,$40 ,IDEPT4670
IU137365,Johnny,Jones,Johnny_Jones791@kideod.biz,7/3/2000,$36 ,IDEPT5528
IU679069,Benny,Roscoe,Benny_Roscoe9557@fuliss.net,12/18/2009,$24 ,IDEPT4670
IU139924,Fiona,Abbey,Fiona_Abbey1980@extex.org,6/6/2010,$46 ,IDEPT5528
IU124936,Elijah,Upton,Elijah_Upton6795@eirey.tech,12/25/1999,$25 ,IDEPT4670
IU495263,Emerald,West,Emerald_West2818@gmail.com,1/3/2011,$20 ,IDEPT5528
IU344433,Fred,Flack,Fred_Flack2146@nickia.com,6/26/2002,$49 ,IDEPT4670
IU186037,Livia,Gray,Livia_Gray4022@gmail.com,4/7/2009,$20 ,IDEPT5528
IU895618,Tania,Walker,Tania_Walker6944@supunk.biz,8/3/2006,$20 ,IDEPT4670
IU231832,Hayden,Ingham,Hayden_Ingham335@supunk.biz,7/6/2002,$20 ,IDEPT5528
IU420314,Nick,Neal,Nick_Neal7358@bauros.biz,4/25/2011,$44 ,IDEPT4670
IU539590,Alan,Faulkner,Alan_Faulkner315@sveldo.biz,3/30/2000,$20 ,IDEPT5528
IU283470,Matthew,Chapman,Matthew_Chapman7904@naiker.biz,12/2/2005,$39 ,IDEPT4670
IU351717,Carter,Giles,Carter_Giles5462@twipet.com,4/14/2005,$22 ,IDEPT5528
IU644580,Rocco,Thomas,Rocco_Thomas7185@jiman.org,4/28/2002,$32 ,IDEPT4670
IU573587,Liam,Cassidy,Liam_Cassidy2199@deons.tech,5/16/2012,$20 ,IDEPT5528
IU567359,Johnny,Cooper,Johnny_Cooper9367@nimogy.biz,3/16/2000,$37 ,IDEPT4670
IU967211,Doug,Huggins,Doug_Huggins2027@dionrab.com,4/18/2008,$20 ,IDEPT5528
IU861400,Barry,Bell,Barry_Bell8521@ubusive.com,1/6/2005,$44 ,IDEPT4670
IU272917,Scarlett,Johnson,Scarlett_Johnson5531@cispeto.com,9/22/2010,$33 ,IDEPT5528
IU414718,Erin,Rodwell,Erin_Rodwell5660@jiman.org,1/5/2000,$20 ,IDEPT4670
IU823705,Aiden,Marshall,Aiden_Marshall1318@sheye.org,11/9/2002,$32 ,IDEPT5528
IU933244,Tyler,Corbett,Tyler_Corbett5908@bulaffy.com,4/5/2001,$20 ,IDEPT4670
IU911746,Ciara,Mitchell,Ciara_Mitchell6174@liret.org,4/27/2014,$24 ,IDEPT5528
IU216929,Sebastian,Chester,Sebastian_Chester9990@atink.com,2/7/2004,$20 ,IDEPT4670
IU278688,Sara,Rowan,Sara_Rowan7863@bretoux.com,10/23/2011,$20 ,IDEPT5528
IU533233,Noah,Horton,Noah_Horton8625@womeona.net,7/20/1999,$20 ,IDEPT4670
IU603202,Hank,Harrington,Hank_Harrington9460@guentu.biz,12/29/2004,$38 ,IDEPT5528
IU982994,Vera,Drake,Vera_Drake24@sheye.org,8/27/2002,$20 ,IDEPT4670
IU570214,Harry,Squire,Harry_Squire4015@deavo.com,9/1/2009,$20 ,IDEPT5528
IU683287,William,Osmond,William_Osmond3501@guentu.biz,1/28/2010,$20 ,IDEPT4670
IU330110,Callie,Ripley,Callie_Ripley474@nickia.com,6/10/2008,$32 ,IDEPT5528
IU800340,Mark,Huggins,Mark_Huggins472@bauros.biz,5/6/2011,$20 ,IDEPT4670
IU892357,Raquel,Edler,Raquel_Edler3776@fuliss.net,4/15/2007,$27 ,IDEPT5528
IU358048,Alexander,Murray,Alexander_Murray7902@nickia.com,9/21/2005,$40 ,IDEPT4670
IU747393,Sylvia,Fields,Sylvia_Fields4695@ovock.tech,8/22/2007,$20 ,IDEPT5528
IU383656,Hayden,Weston,Hayden_Weston3141@ovock.tech,4/23/2001,$23 ,IDEPT4670
IU725181,Ally,Harvey,Ally_Harvey4895@kideod.biz,2/24/2001,$47 ,IDEPT5528
IU312786,Emery,Flynn,Emery_Flynn4759@gembat.biz,9/18/2001,$20 ,IDEPT4670
IU889347,Selena,Santos,Selena_Santos2231@kideod.biz,10/24/2005,$20 ,IDEPT5528
IU184696,Bob,Lynn,Bob_Lynn6840@extex.org,9/24/2003,$20 ,IDEPT4670
IU564750,David,Bell,David_Bell7191@supunk.biz,4/2/2009,$20 ,IDEPT5528
IU498964,Sylvia,Broomfield,Sylvia_Broomfield2246@tonsy.org,6/24/2007,$20 ,IDEPT1096
IU268125,Jayden,Casey,Jayden_Casey8945@atink.com,8/27/2009,$48 ,IDEPT4308
IU881669,Hadley,Glynn,Hadley_Glynn136@bretoux.com,5/18/2004,$28 ,IDEPT1836
IU312832,Sharon,Cattell,Sharon_Cattell2024@yahoo.com,12/24/2012,$38 ,IDEPT8825
IU362922,Chadwick,Martin,Chadwick_Martin8275@tonsy.org,9/26/2001,$26 ,IDEPT5564
IU185367,Carla,Owens,Carla_Owens3654@eirey.tech,4/22/2001,$20 ,IDEPT1096
IU292300,Courtney,Vangness,Courtney_Vangness3888@womeona.net,2/8/2014,$42 ,IDEPT4308
IU428107,Francesca,Clarke,Francesca_Clarke4442@corti.com,6/17/2004,$23 ,IDEPT1836
IU292460,Summer,Dixon,Summer_Dixon8361@acrit.org,2/24/2005,$20 ,IDEPT8825
IU647093,Abdul,Rodwell,Abdul_Rodwell318@bauros.biz,4/6/2001,$25 ,IDEPT5564
IU685928,Mandy,Thomson,Mandy_Thomson4963@iatim.tech,8/29/2000,$35 ,IDEPT1096
IU621337,Valentina,Harris,Valentina_Harris2750@naiker.biz,3/30/2006,$50 ,IDEPT4308
IU172247,Holly,Lindsay,Holly_Lindsay2081@kideod.biz,2/26/2005,$20 ,IDEPT1836
IU452249,Anthony,Gunn,Anthony_Gunn408@sveldo.biz,7/6/2001,$20 ,IDEPT8825
IU369201,Vicky,Wallace,Vicky_Wallace432@vetan.org,11/19/2007,$31 ,IDEPT5564
IU809115,Agnes,Hunt,Agnes_Hunt1339@hourpy.biz,6/20/2001,$20 ,IDEPT1096
IU262644,Ryan,Richardson,Ryan_Richardson6004@jiman.org,5/12/2013,$20 ,IDEPT4308
IU674728,Adalie,Power,Adalie_Power1662@nickia.com,1/22/2001,$42 ,IDEPT1836
IU978644,Savannah,Fall,Savannah_Fall6092@zorer.org,11/19/2009,$24 ,IDEPT8825
IU366586,George,Shaw,George_Shaw9468@typill.biz,6/17/2006,$50 ,IDEPT5564
IU633408,Phillip,Mcneill,Phillip_Mcneill6542@deavo.com,4/2/2007,$48 ,IDEPT1096
IU917540,Johnny,Jenkins,Johnny_Jenkins9437@bungar.biz,6/18/2004,$20 ,IDEPT4308
IU430993,Sofie,Graves,Sofie_Graves4250@elnee.tech,1/26/2003,$27 ,IDEPT1836
IU239143,Carl,Miller,Carl_Miller3196@gompie.com,7/21/2009,$30 ,IDEPT8825
IU989035,Fred,Campbell,Fred_Campbell3369@sveldo.biz,6/8/2011,$41 ,IDEPT5564
IU855598,Ronald,Rogers,Ronald_Rogers8860@qater.org,2/11/2003,$25 ,IDEPT1096
IU738031,Mike,Weatcroft,Mike_Weatcroft6949@iatim.tech,7/1/2005,$20 ,IDEPT4308
IU444951,Willow,Harrington,Willow_Harrington6118@bulaffy.com,11/23/2000,$45 ,IDEPT1836
IU783461,Marvin,Townend,Marvin_Townend6012@grannar.com,1/25/2007,$20 ,IDEPT8825
IU212636,Harry,Nicolas,Harry_Nicolas130@atink.com,2/27/2003,$31 ,IDEPT5564
IU465873,Javier,Owen,Javier_Owen6296@deons.tech,11/12/2008,$45 ,IDEPT1096
IU469222,Benjamin,May,Benjamin_May4386@vetan.org,4/28/2013,$38 ,IDEPT4308
IU689487,Jocelyn,Wilson,Jocelyn_Wilson5147@guentu.biz,1/6/2014,$40 ,IDEPT1836
IU621925,Bart,Saunders,Bart_Saunders5267@supunk.biz,3/20/2002,$20 ,IDEPT8825
IU911771,Claire,Sloan,Claire_Sloan2826@supunk.biz,6/16/2014,$47 ,IDEPT5564
IU702448,Eryn,Holmes,Eryn_Holmes3249@typill.biz,6/4/2005,$26 ,IDEPT1096
IU772006,Isabel,Wills,Isabel_Wills5445@gmail.com,12/23/2003,$20 ,IDEPT4308
IU973982,Matt,Lewis,Matt_Lewis4850@iatim.tech,8/18/2010,$20 ,IDEPT1836
IU444712,Tara,Ingram,Tara_Ingram5875@gompie.com,3/10/2004,$30 ,IDEPT8825
IU207584,Margaret,Milner,Margaret_Milner1389@bauros.biz,1/3/2011,$28 ,IDEPT5564
IU885654,Karen,Walsh,Karen_Walsh5621@bretoux.com,4/14/2008,$20 ,IDEPT1096
IU609673,Luna,Wills,Luna_Wills6087@bretoux.com,8/8/2000,$43 ,IDEPT4308
IU209964,Analise,Gordon,Analise_Gordon6746@naiker.biz,5/19/2002,$21 ,IDEPT1836
IU311953,Russel,Mcleod,Russel_Mcleod6354@bungar.biz,11/5/2007,$29 ,IDEPT8825
IU184371,Samantha,Shaw,Samantha_Shaw1254@cispeto.com,1/24/2010,$20 ,IDEPT5564
IU214879,Domenic,Robinson,Domenic_Robinson6853@nimogy.biz,12/10/2008,$31 ,IDEPT1096
IU834269,Boris,Mcneill,Boris_Mcneill7483@hourpy.biz,10/18/2000,$34 ,IDEPT4308
IU201665,Maxwell,Kennedy,Maxwell_Kennedy5753@nimogy.biz,7/22/2013,$48 ,IDEPT1836
IU754097,Gwenyth,Robertson,Gwenyth_Robertson1993@naiker.biz,5/20/2014,$26 ,IDEPT8825
IU281793,Rocco,Vaughn,Rocco_Vaughn9456@cispeto.com,1/25/2002,$41 ,IDEPT5564
IU523913,Jules,Redfern,Jules_Redfern47@irrepsy.com,12/11/2005,$20 ,IDEPT1096
IU619477,Amelia,Matthews,Amelia_Matthews9726@gembat.biz,4/5/2014,$20 ,IDEPT4308
IU460526,Alan,Whitehouse,Alan_Whitehouse8498@dionrab.com,1/27/2005,$40 ,IDEPT1836
IU605873,Rihanna,Swift,Rihanna_Swift6724@grannar.com,7/31/2003,$32 ,IDEPT8825
IU291184,Adeline,Henderson,Adeline_Henderson1522@irrepsy.com,3/3/2010,$30 ,IDEPT5564
IU758967,Cecilia,Cox,Cecilia_Cox7186@corti.com,12/3/2010,$20 ,IDEPT1096
IU136562,Daron,Russel,Daron_Russel9755@bauros.biz,5/17/2003,$45 ,IDEPT4308
IU265603,Clint,Fields,Clint_Fields265@bretoux.com,9/3/2009,$20 ,IDEPT1836
IU347145,Lynn,Archer,Lynn_Archer2883@qater.org,6/20/2013,$20 ,IDEPT8825
IU713573,Fiona,Shaw,Fiona_Shaw3345@atink.com,5/12/2003,$41 ,IDEPT5564
IU419541,Rowan,Mitchell,Rowan_Mitchell4392@grannar.com,5/10/2001,$20 ,IDEPT1096
IU342000,Domenic,Ramsey,Domenic_Ramsey5947@sveldo.biz,2/26/2007,$33 ,IDEPT4308
IU508884,Camila,Alcroft,Camila_Alcroft7371@supunk.biz,11/24/2004,$38 ,IDEPT1836
IU820593,Gemma,Eastwood,Gemma_Eastwood9489@gompie.com,9/20/1999,$20 ,IDEPT8825
IU773440,Savannah,Dann,Savannah_Dann9518@twace.org,3/12/2000,$32 ,IDEPT5564
IU149457,Drew,Herbert,Drew_Herbert1745@bungar.biz,4/4/2000,$39 ,IDEPT4670
IU745611,Marina,Rowan,Marina_Rowan9548@yahoo.com,4/25/2010,$38 ,IDEPT5528
IU808348,Sadie,Miller,Sadie_Miller3313@eirey.tech,2/23/2001,$20 ,IDEPT3115
IU216145,Alma,Newman,Alma_Newman7454@joiniaa.com,4/29/2006,$20 ,IDEPT5881
IU244735,Anthony,Newman,Anthony_Newman4266@gmail.com,12/30/2010,$20 ,IDEPT4938
IU328947,Martha,Tennant,Martha_Tennant144@bauros.biz,12/7/2002,$45 ,IDEPT1423
IU756505,Gil,Allen,Gil_Allen8992@nanoff.biz,7/25/2009,$20 ,IDEPT4132
IU933212,Carter,Bolton,Carter_Bolton6617@jiman.org,9/1/2001,$20 ,IDEPT2054
IU849945,Barney,Tennant,Barney_Tennant4311@bungar.biz,1/29/2008,$20 ,IDEPT2357
IU843284,Paula,Blackwall,Paula_Blackwall3144@zorer.org,7/8/2013,$33 ,IDEPT1537
IU161728,Tess,Flanders,Tess_Flanders7593@gembat.biz,11/6/2011,$20 ,IDEPT8379
IU222518,Sadie,Allcott,Sadie_Allcott1602@qater.org,8/25/2002,$46 ,IDEPT1825
IU328218,Kimberly,Noach,Kimberly_Noach4679@bauros.biz,1/13/2005,$20 ,IDEPT8313
IU363158,Boris,Craig,Boris_Craig3467@kideod.biz,2/14/2014,$20 ,IDEPT2425
IU766289,Barney,Neville,Barney_Neville7327@ovock.tech,4/2/2000,$44 ,IDEPT1378
IU724113,Andie,Carson,Andie_Carson2222@womeona.net,12/22/2004,$20 ,IDEPT5127
IU777548,Sharon,Osman,Sharon_Osman8675@typill.biz,10/20/2009,$47 ,IDEPT5408
IU716739,Kirsten,Preston,Kirsten_Preston227@muall.tech,5/15/2007,$46 ,IDEPT1142
IU346406,Nate,Vince,Nate_Vince533@ovock.tech,9/10/2008,$23 ,IDEPT1367
IU123688,Morgan,Matthews,Morgan_Matthews8505@acrit.org,9/30/2010,$20 ,IDEPT7783
IU147959,Ronald,Partridge,Ronald_Partridge9347@nimogy.biz,5/12/2003,$43 ,IDEPT3062
IU355955,Ron,Windsor,Ron_Windsor4754@hourpy.biz,1/27/2008,$47 ,IDEPT1388
IU370004,Cynthia,Wilkinson,Cynthia_Wilkinson9913@nickia.com,3/28/2014,$21 ,IDEPT7005
IU469282,Rachael,Collins,Rachael_Collins5770@twipet.com,5/2/2008,$25 ,IDEPT1533
IU239081,Johnathan,Gunn,Johnathan_Gunn1433@iatim.tech,11/12/2002,$48 ,IDEPT3778
IU819618,Gabriel,Rehman,Gabriel_Rehman795@atink.com,12/17/2003,$20 ,IDEPT4055
IU701692,Henry,Edwards,Henry_Edwards3317@dionrab.com,3/26/2010,$43 ,IDEPT2601
IU127170,Anthony,Rothwell,Anthony_Rothwell1231@gembat.biz,7/13/2008,$20 ,IDEPT1677
IU637845,William,Rossi,William_Rossi5998@cispeto.com,2/16/2001,$36 ,IDEPT7626
IU847613,Candice,Hood,Candice_Hood9534@atink.com,2/9/2007,$40 ,IDEPT5109
IU325646,Chanelle,Kennedy,Chanelle_Kennedy5555@tonsy.org,6/13/2012,$33 ,IDEPT1615
IU127182,Adelaide,Booth,Adelaide_Booth4855@zorer.org,3/17/2009,$20 ,IDEPT3868
IU921974,Maria,Vaughn,Maria_Vaughn3234@bungar.biz,4/20/2006,$45 ,IDEPT6347
IU719669,Rick,Osmond,Rick_Osmond116@gmail.com,9/8/2007,$20 ,IDEPT8598
IU843807,Eve,Taylor,Eve_Taylor9594@atink.com,9/21/2002,$20 ,IDEPT8473
IU922538,Isabel,Dallas,Isabel_Dallas1558@gmail.com,8/29/2010,$48 ,IDEPT1096
IU834872,Sharon,Burge,Sharon_Burge1034@acrit.org,6/29/2001,$20 ,IDEPT4308
IU659166,Zoe,Fields,Zoe_Fields1721@gompie.com,4/27/2007,$20 ,IDEPT1836
IU650599,Ron,Dixon,Ron_Dixon4696@bauros.biz,7/3/2004,$22 ,IDEPT8825
IU477466,Dakota,Taylor,Dakota_Taylor3947@jiman.org,7/7/2013,$42 ,IDEPT5564
IU806804,Chadwick,Jarrett,Chadwick_Jarrett1210@dionrab.com,6/27/2004,$20 ,IDEPT4670
IU238243,Peter,Bailey,Peter_Bailey7323@guentu.biz,7/18/2009,$46 ,IDEPT5528
IU656557,Anthony,Irwin,Anthony_Irwin5837@deons.tech,2/8/2007,$23 ,IDEPT3115
IU559726,Stacy,Power,Stacy_Power6926@atink.com,12/16/2012,$32 ,IDEPT5881
IU749926,Logan,Walker,Logan_Walker5792@acrit.org,1/14/2012,$37 ,IDEPT4938
IU505256,Morgan,Edler,Morgan_Edler6493@infotech44.tech,3/14/2011,$20 ,IDEPT1423
IU739904,Harvey,Knott,Harvey_Knott7753@naiker.biz,11/2/2000,$32 ,IDEPT4132
IU932895,Ally,Addis,Ally_Addis4115@famism.biz,1/22/2002,$20 ,IDEPT2054
IU407811,Matt,Umney,Matt_Umney8892@gompie.com,3/8/2014,$28 ,IDEPT2357
IU302696,Carol,Stewart,Carol_Stewart8881@typill.biz,8/22/2005,$25 ,IDEPT1537
IU143571,Jules,Clarke,Jules_Clarke8339@bretoux.com,4/6/2002,$20 ,IDEPT8379
IU740565,Taylor,Barclay,Taylor_Barclay2281@hourpy.biz,8/15/2003,$20 ,IDEPT1825
IU801417,Lillian,Powell,Lillian_Powell9569@nickia.com,8/8/2001,$42 ,IDEPT8313
IU541306,Davina,Plumb,Davina_Plumb9759@bauros.biz,3/21/2006,$21 ,IDEPT2425
IU824288,Ron,Jarvis,Ron_Jarvis6985@eirey.tech,10/31/2005,$20 ,IDEPT1378
IU702525,Benny,Murray,Benny_Murray9669@brety.org,10/15/2007,$34 ,IDEPT5127
IU703636,Alison,Fox,Alison_Fox2462@extex.org,5/1/2012,$20 ,IDEPT5408
IU337472,Julia,Michael,Julia_Michael6344@deons.tech,11/12/2013,$23 ,IDEPT1142
IU799516,Gil,Weatcroft,Gil_Weatcroft646@bulaffy.com,7/6/2011,$21 ,IDEPT1367
IU207253,Melody,Russell,Melody_Russell8224@mafthy.com,8/26/2000,$42 ,IDEPT7783
IU870184,Jack,Eastwood,Jack_Eastwood1168@twace.org,3/1/2011,$20 ,IDEPT3062
IU130291,Rosa,Shields,Rosa_Shields7933@gompie.com,9/18/2012,$45 ,IDEPT1388
IU260748,Manuel,Gordon,Manuel_Gordon5288@extex.org,5/14/2011,$37 ,IDEPT7005
IU708882,Maxwell,Barrett,Maxwell_Barrett8700@iatim.tech,7/27/2010,$20 ,IDEPT1533
IU542930,Kaylee,Jacobs,Kaylee_Jacobs7266@gmail.com,3/26/2011,$21 ,IDEPT3778
IU703243,Alessandra,Murray,Alessandra_Murray282@gmail.com,1/6/2001,$26 ,IDEPT4055
IU606698,Penelope,Oldfield,Penelope_Oldfield1896@iatim.tech,10/21/2008,$24 ,IDEPT2601
IU239841,Liliana,Taylor,Liliana_Taylor5136@zorer.org,1/7/2008,$20 ,IDEPT1677
IU306943,Enoch,Cunningham,Enoch_Cunningham5346@bungar.biz,12/17/2011,$43 ,IDEPT7626
IU687116,Daron,Stone,Daron_Stone9791@nanoff.biz,2/19/2001,$28 ,IDEPT5109
IU527521,Denis,Allwood,Denis_Allwood2444@irrepsy.com,3/9/2006,$27 ,IDEPT1615
IU779542,Julian,Wallace,Julian_Wallace4468@tonsy.org,8/20/1999,$42 ,IDEPT3868
IU539247,Ron,Crawford,Ron_Crawford4603@famism.biz,6/23/2006,$20 ,IDEPT6347
IU437570,Rocco,Tanner,Rocco_Tanner6433@naiker.biz,6/11/2003,$20 ,IDEPT8598
IU750441,Karla,Robertson,Karla_Robertson2877@bungar.biz,7/30/2007,$20 ,IDEPT8473
IU647159,Kaylee,Ashwell,Kaylee_Ashwell9753@gembat.biz,11/18/2002,$30 ,IDEPT1096
IU757212,Chad,Campbell,Chad_Campbell6490@nanoff.biz,4/11/2008,$25 ,IDEPT4308
IU653513,Erick,Ventura,Erick_Ventura3331@atink.com,9/23/2005,$38 ,IDEPT1836
IU572652,Benny,Carson,Benny_Carson7715@sheye.org,9/3/2008,$46 ,IDEPT8825
IU454140,Isla,Bailey,Isla_Bailey3443@twipet.com,11/24/2001,$48 ,IDEPT5564
IU308087,Cherish,Bingham,Cherish_Bingham1158@zorer.org,3/21/2014,$43 ,IDEPT4670
IU657759,Vivian,Poole,Vivian_Poole4047@corti.com,8/8/2013,$24 ,IDEPT5528
IU938965,Judith,Hope,Judith_Hope9884@irrepsy.com,3/24/2004,$36 ,IDEPT3115
IU329659,Jacob,Mcleod,Jacob_Mcleod4233@cispeto.com,4/5/2004,$20 ,IDEPT5881
IU344368,Amy,Samuel,Amy_Samuel7258@cispeto.com,9/15/2011,$39 ,IDEPT4938
IU864819,Johnny,Webster,Johnny_Webster4932@fuliss.net,11/25/2012,$20 ,IDEPT1423
IU360490,Harriet,Mccormick,Harriet_Mccormick4487@dionrab.com,7/2/2000,$20 ,IDEPT4132
IU605773,Amelia,Potts,Amelia_Potts8083@bulaffy.com,3/1/2012,$30 ,IDEPT2054
IU599911,Tyson,Collins,Tyson_Collins3009@twipet.com,3/1/2008,$32 ,IDEPT2357
IU720734,Tyler,Sawyer,Tyler_Sawyer8036@bretoux.com,10/29/2001,$39 ,IDEPT1537
IU274936,Chuck,Darcy,Chuck_Darcy7173@vetan.org,4/8/2002,$49 ,IDEPT8379
IU552022,Eryn,Page ,Eryn_Page 8410@twace.org,7/24/2001,$49 ,IDEPT1825
IU474647,Luna,Swan,Luna_Swan3600@deons.tech,7/15/2010,$20 ,IDEPT8313
IU321200,Havana,Reid,Havana_Reid6358@sheye.org,12/16/2012,$33 ,IDEPT2425
IU209716,Phoebe,Cork,Phoebe_Cork2569@grannar.com,9/8/2004,$46 ,IDEPT1378
IU205005,Tyler,Jenkin,Tyler_Jenkin7791@vetan.org,8/23/2004,$45 ,IDEPT5127
IU507952,Iris,Willis,Iris_Willis5884@eirey.tech,8/28/1999,$49 ,IDEPT5408
IU222618,Elisabeth,Lewin,Elisabeth_Lewin7337@grannar.com,7/13/2013,$50 ,IDEPT1142
IU480985,Wade,Garcia,Wade_Garcia6627@joiniaa.com,7/29/2010,$20 ,IDEPT1367
IU896446,Madelyn,James,Madelyn_James1630@mafthy.com,3/11/2010,$33 ,IDEPT7783
IU751204,Caleb,Tyler,Caleb_Tyler7799@muall.tech,2/10/2014,$49 ,IDEPT3062
IU953296,Rufus,Bennett,Rufus_Bennett3144@grannar.com,8/10/2012,$20 ,IDEPT1388
IU366150,Rosie,Hood,Rosie_Hood8496@eirey.tech,9/28/1999,$20 ,IDEPT7005
IU906960,Nate,Griffiths,Nate_Griffiths8998@sveldo.biz,10/28/2009,$20 ,IDEPT1533
IU320638,Francesca,Quinnell,Francesca_Quinnell9327@guentu.biz,1/25/2004,$31 ,IDEPT3778
IU438036,Rufus,Gavin,Rufus_Gavin1520@liret.org,10/14/2011,$37 ,IDEPT4055
IU821055,Alison,Brooks,Alison_Brooks2149@grannar.com,8/18/2002,$20 ,IDEPT2601
IU700570,Johnathan,Stevens,Johnathan_Stevens5400@bauros.biz,6/2/2001,$24 ,IDEPT1677
IU401807,Rebecca,Chadwick,Rebecca_Chadwick2453@vetan.org,8/12/2013,$20 ,IDEPT7626
IU655888,Elena,Mackenzie,Elena_Mackenzie726@gmail.com,5/22/2002,$20 ,IDEPT5109
IU622700,Kimberly,Jordan,Kimberly_Jordan2300@sveldo.biz,2/10/2003,$30 ,IDEPT1615
IU244911,Morgan,Jones,Morgan_Jones8265@twipet.com,7/31/2003,$48 ,IDEPT3868
IU585698,Jacob,Rigg,Jacob_Rigg7663@bauros.biz,2/13/2010,$20 ,IDEPT6347
IU304862,Doris,Bryant,Doris_Bryant7921@brety.org,12/31/2012,$38 ,IDEPT8598
IU227298,Denis,Jeffery,Denis_Jeffery3264@liret.org,12/5/2013,$39 ,IDEPT8473
IU162287,Caleb,Collis,Caleb_Collis2718@nanoff.biz,3/27/2013,$23 ,IDEPT1096
IU677671,Daniel,Alldridge,Daniel_Alldridge9771@twace.org,6/15/2012,$23 ,IDEPT4308
IU660707,Luna,Walter,Luna_Walter8550@kideod.biz,5/28/2002,$37 ,IDEPT1836
IU258650,Martin,Clifford,Martin_Clifford214@guentu.biz,9/29/2007,$20 ,IDEPT8825
IU809461,Ethan,Bishop,Ethan_Bishop974@nanoff.biz,10/24/2003,$20 ,IDEPT5564
IU861866,Lynn,Sinclair,Lynn_Sinclair6182@kideod.biz,8/9/2004,$20 ,IDEPT4670
IU156957,Hadley,Wise,Hadley_Wise3500@hourpy.biz,11/15/2007,$21 ,IDEPT5528
IU617610,Chuck,Hamilton,Chuck_Hamilton9140@gmail.com,3/14/2001,$26 ,IDEPT3115
IU512234,Tony,Patel,Tony_Patel2468@qater.org,2/5/2005,$20 ,IDEPT5881
IU535717,Cherish,Adams,Cherish_Adams1645@vetan.org,5/16/2009,$29 ,IDEPT4938
IU397061,Jayden,Waterson,Jayden_Waterson9613@zorer.org,10/23/2007,$20 ,IDEPT1423
IU563147,Lucas,Rossi,Lucas_Rossi8756@famism.biz,4/5/2003,$40 ,IDEPT4132
IU808795,Mike,Russel,Mike_Russel3624@elnee.tech,12/8/2013,$20 ,IDEPT2054
IU630673,Fred,Blythe,Fred_Blythe492@cispeto.com,4/9/2004,$34 ,IDEPT2357
IU320251,Maddison,Brock,Maddison_Brock2076@atink.com,8/19/2001,$31 ,IDEPT1537
IU262292,Fred,Garcia,Fred_Garcia1666@deavo.com,10/11/1999,$41 ,IDEPT8379
IU339694,Georgia,Mills,Georgia_Mills525@iatim.tech,3/1/2005,$20 ,IDEPT1825
IU533955,Josh,Olson,Josh_Olson7633@sheye.org,7/29/2001,$20 ,IDEPT8313
IU516918,Katelyn,Lewis,Katelyn_Lewis2542@qater.org,1/13/2007,$20 ,IDEPT2425
IU337123,George,Franks,George_Franks7296@bauros.biz,10/25/2009,$20 ,IDEPT1378
IU528605,Michael,Wilcox,Michael_Wilcox2265@deavo.com,3/25/2003,$20 ,IDEPT5127
IU980189,Charlize,Sloan,Charlize_Sloan5933@naiker.biz,10/28/2001,$20 ,IDEPT5408
IU518359,Peyton,Sinclair,Peyton_Sinclair8315@fuliss.net,5/24/2010,$30 ,IDEPT1142
IU872566,Lucy,Stewart,Lucy_Stewart4399@famism.biz,5/14/2004,$35 ,IDEPT1367
IU163495,Peyton,Hall,Peyton_Hall4210@acrit.org,4/1/2006,$28 ,IDEPT7783
IU471619,Logan,Fisher,Logan_Fisher9333@atink.com,12/14/2000,$20 ,IDEPT3062
IU627593,Domenic,Cunningham,Domenic_Cunningham8046@extex.org,7/1/2014,$30 ,IDEPT1388
IU832906,Madelyn,Carter,Madelyn_Carter9277@famism.biz,7/22/2002,$33 ,IDEPT7005
IU814496,Gwen,Yard,Gwen_Yard1415@yahoo.com,7/4/2003,$21 ,IDEPT1533
IU977874,Lexi,Cox,Lexi_Cox5016@bauros.biz,5/30/2003,$34 ,IDEPT3778
IU726374,Enoch,Campbell,Enoch_Campbell8051@sheye.org,3/14/2012,$20 ,IDEPT4055
IU265303,Chuck,Reading,Chuck_Reading8456@hourpy.biz,3/18/2006,$39 ,IDEPT2601
IU223337,Leroy,Irwin,Leroy_Irwin5802@grannar.com,4/18/2005,$20 ,IDEPT1677
IU520521,Enoch,Kaur,Enoch_Kaur7587@tonsy.org,3/16/2009,$20 ,IDEPT7626
IU528239,George,Chapman,George_Chapman5200@sheye.org,2/11/2012,$20 ,IDEPT5109
IU289913,Bryon,Hunter,Bryon_Hunter1484@infotech44.tech,3/13/2007,$20 ,IDEPT1615
IU991192,Leanne,Mcgee,Leanne_Mcgee8415@vetan.org,12/23/2010,$20 ,IDEPT3868
IU530916,Phillip,Hilton,Phillip_Hilton4134@nimogy.biz,3/21/2004,$35 ,IDEPT6347
IU330488,Maia,Phillips,Maia_Phillips6990@nickia.com,9/3/2011,$21 ,IDEPT8598
IU965862,Eve,Reyes,Eve_Reyes7494@fuliss.net,7/7/2006,$45 ,IDEPT8473
IU675172,Nick,Hunt,Nick_Hunt3004@extex.org,9/21/2003,$50 ,IDEPT1096
IU528851,Bristol,Keys,Bristol_Keys9207@bungar.biz,12/9/2000,$43 ,IDEPT4308
IU973666,Margot,Hunter,Margot_Hunter1481@elnee.tech,11/9/2005,$40 ,IDEPT1836
IU592455,Louise,Power,Louise_Power4478@brety.org,3/29/2007,$23 ,IDEPT8825
IU764193,Ethan,Gray,Ethan_Gray3970@naiker.biz,12/21/2001,$36 ,IDEPT5564
IU740074,Gladys,Cork,Gladys_Cork9521@yahoo.com,11/9/2013,$29 ,IDEPT4670
IU862023,Nick,Graham,Nick_Graham1204@yahoo.com,2/10/2008,$20 ,IDEPT5528
IU877564,Stella,Stuart,Stella_Stuart9651@kideod.biz,9/19/2013,$20 ,IDEPT3115
IU329440,Nick,Logan,Nick_Logan2257@dionrab.com,3/10/2000,$49 ,IDEPT5881
IU971589,Owen,Radcliffe,Owen_Radcliffe3757@nimogy.biz,12/20/2009,$44 ,IDEPT4938
IU927296,Ramon,Duvall,Ramon_Duvall583@twipet.com,11/21/2012,$48 ,IDEPT1423
IU832084,Felicity,Gordon,Felicity_Gordon6936@gmail.com,8/21/1999,$24 ,IDEPT4132
IU810218,Martin,Nelson,Martin_Nelson4569@guentu.biz,12/20/2002,$20 ,IDEPT2054
IU120978,Erin,Horton,Erin_Horton8949@qater.org,10/17/2006,$20 ,IDEPT2357
IU167665,Leroy,Jacobs,Leroy_Jacobs7951@qater.org,9/7/2006,$20 ,IDEPT1537
IU672768,Manuel,Bailey,Manuel_Bailey9434@famism.biz,6/7/2001,$35 ,IDEPT8379
IU991869,Carmen,Jacobs,Carmen_Jacobs4743@elnee.tech,6/29/2006,$48 ,IDEPT1825
IU397520,Naomi,Nielson,Naomi_Nielson2924@bungar.biz,10/14/2004,$23 ,IDEPT8313
IU996380,Brad,Anderson,Brad_Anderson3116@qater.org,7/29/2010,$20 ,IDEPT2425
IU498691,Hailey,John,Hailey_John9677@sveldo.biz,4/16/2000,$20 ,IDEPT1378
IU433572,Ron,Myatt,Ron_Myatt4430@vetan.org,4/26/2008,$45 ,IDEPT5127
IU805446,Jessica,Pope,Jessica_Pope243@qater.org,11/26/2004,$42 ,IDEPT5408
IU893923,Tyson,Waterhouse,Tyson_Waterhouse5035@ovock.tech,2/12/2014,$23 ,IDEPT1142
IU170453,William,Edwards,William_Edwards5090@gmail.com,3/9/2012,$48 ,IDEPT1367
IU280558,Bryce,Hale,Bryce_Hale1629@eirey.tech,3/23/2010,$28 ,IDEPT7783
IU152086,Nate,Woods,Nate_Woods6826@dionrab.com,3/24/2003,$41 ,IDEPT3062
IU767531,Rufus,Ring,Rufus_Ring7887@ovock.tech,10/1/2008,$23 ,IDEPT1388
IU714639,Alessandra,Quinn,Alessandra_Quinn22@gmail.com,9/20/2007,$50 ,IDEPT7005
IU803409,Amy,Rixon,Amy_Rixon3386@supunk.biz,4/19/2004,$20 ,IDEPT1533
IU116135,Nathan,Stark,Nathan_Stark6222@cispeto.com,2/19/2002,$30 ,IDEPT3778
IU401466,Emely,Olivier,Emely_Olivier6132@deons.tech,2/3/2006,$20 ,IDEPT4055
IU651719,Ronald,Ogilvy,Ronald_Ogilvy6637@bulaffy.com,4/21/2002,$20 ,IDEPT2601
IU322269,Claire,Mills,Claire_Mills7579@vetan.org,8/19/2003,$31 ,IDEPT1677
IU788355,Wade,Avery,Wade_Avery2587@mafthy.com,4/3/2013,$34 ,IDEPT7626
IU745851,Tom,Brock,Tom_Brock2753@ubusive.com,10/21/2010,$42 ,IDEPT5109
IU405429,Wade,Johnson,Wade_Johnson9209@tonsy.org,4/18/2001,$20 ,IDEPT1615
IU416137,Hanna,Thomson,Hanna_Thomson4042@mafthy.com,5/24/2004,$45 ,IDEPT3868
IU672206,Johnathan,Hancock,Johnathan_Hancock1872@sveldo.biz,5/31/2002,$20 ,IDEPT6347
IU809489,Chris,Warden,Chris_Warden1582@qater.org,8/1/2007,$40 ,IDEPT8598
IU748262,Alexander,Hall,Alexander_Hall5747@gompie.com,7/24/2010,$36 ,IDEPT8473
IU173043,Andie,Brock,Andie_Brock9541@naiker.biz,11/5/2013,$24 ,IDEPT1096
IU530057,Moira,Stuart,Moira_Stuart5189@hourpy.biz,1/13/2002,$46 ,IDEPT4308
IU834469,Nathan,Wood,Nathan_Wood4387@guentu.biz,7/11/2008,$25 ,IDEPT1836
IU890155,George,Mcgregor,George_Mcgregor1@fuliss.net,11/16/2002,$20 ,IDEPT8825
IU476431,Sebastian,Glass,Sebastian_Glass3988@iatim.tech,12/23/2008,$49 ,IDEPT5564
IU329506,Michelle,Bullock,Michelle_Bullock4069@iatim.tech,5/18/2004,$20 ,IDEPT4938
IU593762,Tyler,Leslie,Tyler_Leslie7832@deons.tech,3/19/2003,$20 ,IDEPT1423
IU662779,Cynthia,Hobson,Cynthia_Hobson5997@extex.org,9/23/2000,$20 ,IDEPT4132
IU574759,Doris,Santos,Doris_Santos6149@nickia.com,11/16/2004,$44 ,IDEPT2054
IU730631,Greta,Fleming,Greta_Fleming1786@muall.tech,11/16/2000,$20 ,IDEPT2357
IU437482,Daphne,Emmett,Daphne_Emmett5541@twace.org,3/8/2013,$39 ,IDEPT1537
IU239453,George,Ripley,George_Ripley509@acrit.org,7/1/2000,$22 ,IDEPT8379
IU615357,Piper,Mccormick,Piper_Mccormick6331@grannar.com,12/28/2009,$32 ,IDEPT1825
IU122113,Caleb,Walter,Caleb_Walter1042@womeona.net,5/17/2014,$20 ,IDEPT8313
IU374659,John,Collis,John_Collis748@kideod.biz,6/5/2001,$37 ,IDEPT2425
IU918128,Joy,Wilkinson,Joy_Wilkinson2254@naiker.biz,1/29/2010,$20 ,IDEPT1378
IU985522,Cedrick,Garcia,Cedrick_Garcia6013@iatim.tech,5/19/2012,$44 ,IDEPT5127
IU123206,Mayleen,Knight,Mayleen_Knight5077@iatim.tech,8/5/2011,$33 ,IDEPT5408
IU681151,Caleb,Fox,Caleb_Fox6226@dionrab.com,3/22/2003,$20 ,IDEPT4938
IU984266,Maya,Chapman,Maya_Chapman22@naiker.biz,12/12/2002,$32 ,IDEPT1423
IU241505,Valerie,James,Valerie_James1292@nanoff.biz,10/1/2003,$20 ,IDEPT4132
IU821602,Doug,Crawley,Doug_Crawley213@dionrab.com,10/11/2009,$24 ,IDEPT2054
IU420409,Jane,Nobbs,Jane_Nobbs9461@twace.org,9/11/2012,$20 ,IDEPT2357
IU177348,Hank,Baldwin,Hank_Baldwin9025@gembat.biz,9/25/2013,$20 ,IDEPT1537
IU232814,Nick,Rowe,Nick_Rowe8225@bungar.biz,8/13/2013,$20 ,IDEPT8379
IU271787,Isabella,Ebbs,Isabella_Ebbs603@brety.org,2/18/2010,$38 ,IDEPT1825
IU887400,Beatrice,Ellery,Beatrice_Ellery8109@deavo.com,10/4/2010,$20 ,IDEPT8313
IU151161,Angelique,Styles,Angelique_Styles6773@yahoo.com,7/10/2008,$20 ,IDEPT2425
IU400616,Natalie,Thomas,Natalie_Thomas258@nimogy.biz,10/5/1999,$20 ,IDEPT1378
IU448523,Hayden,Saunders,Hayden_Saunders3291@nickia.com,10/16/2005,$32 ,IDEPT5127
IU201629,Barry,Amstead,Barry_Amstead8810@gembat.biz,7/6/2001,$20 ,IDEPT5408
IU984907,Stella,Trent,Stella_Trent9214@womeona.net,4/17/2000,$27 ,IDEPT4938
IU624254,Daniel,Graves,Daniel_Graves4602@cispeto.com,7/15/2001,$40 ,IDEPT1423
IU707322,Melinda,Edwards,Melinda_Edwards9655@cispeto.com,10/2/2007,$20 ,IDEPT4132
IU660412,William,Mccall,William_Mccall4454@fuliss.net,2/3/2000,$23 ,IDEPT2054
IU794124,Stacy,Kent,Stacy_Kent3269@guentu.biz,2/11/2007,$47 ,IDEPT2357
IU253971,Isla,Callan,Isla_Callan8237@twace.org,1/11/2004,$20 ,IDEPT1537
IU200572,Domenic,Wilson,Domenic_Wilson6687@nickia.com,3/24/2000,$20 ,IDEPT8379
IU150435,Sadie,Harrington,Sadie_Harrington2297@sheye.org,6/26/2003,$20 ,IDEPT1825
IU891757,Henry,Walton,Henry_Walton6275@typill.biz,4/8/2003,$20 ,IDEPT8313
IU961133,Roger,Chapman,Roger_Chapman9588@corti.com,9/28/1999,$20 ,IDEPT2425
IU762876,Maya,King,Maya_King2436@twipet.com,1/10/2003,$48 ,IDEPT1378
IU603954,Jacob,Devonport,Jacob_Devonport2300@dionrab.com,2/18/2013,$28 ,IDEPT5127
IU713337,Melania,Harrison,Melania_Harrison2481@twace.org,5/4/2011,$38 ,IDEPT5408
IU953204,Chester,Parsons,Chester_Parsons8461@tonsy.org,7/14/2003,$26 ,IDEPT4938
IU521061,Chester,Norburn,Chester_Norburn5675@zorer.org,12/25/2012,$20 ,IDEPT1423
IU627771,Faith,Stuart,Faith_Stuart2185@twace.org,8/12/2003,$42 ,IDEPT4132
IU341894,Caydence,Wood,Caydence_Wood5451@yahoo.com,8/20/2002,$23 ,IDEPT2054
IU586896,Tony,Ellwood,Tony_Ellwood5552@bulaffy.com,3/24/2012,$20 ,IDEPT2357
IU776330,Anabel,Shepherd,Anabel_Shepherd2361@hourpy.biz,5/16/2002,$25 ,IDEPT1537
IU890815,Rick,Sawyer,Rick_Sawyer87@nimogy.biz,9/6/2003,$35 ,IDEPT8379
IU671826,Peter,Gray,Peter_Gray7499@ovock.tech,3/5/2014,$50 ,IDEPT1825
IU791752,Angelique,Hilton,Angelique_Hilton342@twace.org,6/6/2011,$20 ,IDEPT8313
IU170358,Maxwell,Hastings,Maxwell_Hastings6234@grannar.com,4/27/2006,$20 ,IDEPT2425
IU654067,Harvey,Noach,Harvey_Noach4912@gembat.biz,11/22/2002,$31 ,IDEPT1378
IU650118,Tyson,Styles,Tyson_Styles3297@deavo.com,12/30/2004,$20 ,IDEPT5127
IU843036,Manuel,Grady,Manuel_Grady1101@brety.org,6/7/2012,$20 ,IDEPT5408
IU929942,Jazmin,Pratt,Jazmin_Pratt3289@brety.org,2/18/2008,$42 ,IDEPT4938
IU517401,Gabriel,Emmett,Gabriel_Emmett1207@kideod.biz,6/1/2010,$24 ,IDEPT1423
IU285869,Noah,Mcgee,Noah_Mcgee7776@womeona.net,9/23/2007,$50 ,IDEPT4132
IU619858,Enoch,Wilkinson,Enoch_Wilkinson426@infotech44.tech,1/26/2005,$48 ,IDEPT2054
IU304401,David,Larsen,David_Larsen1245@ubusive.com,6/20/2004,$20 ,IDEPT2357
IU116424,Analise,Moore,Analise_Moore2654@womeona.net,4/22/2005,$27 ,IDEPT1537
IU602103,Lexi,Drake,Lexi_Drake3878@joiniaa.com,10/21/2000,$30 ,IDEPT8379
IU317964,Enoch,Bristow,Enoch_Bristow3269@bulaffy.com,3/24/2005,$41 ,IDEPT1825
IU543375,Mona,Newman,Mona_Newman359@bretoux.com,10/17/2011,$25 ,IDEPT8313
IU555661,Cameron,Beal,Cameron_Beal513@infotech44.tech,6/11/2006,$20 ,IDEPT2425
IU713736,Thea,Griffiths,Thea_Griffiths318@zorer.org,10/6/2010,$45 ,IDEPT1378
IU673007,Josh,York,Josh_York3017@naiker.biz,9/10/2001,$20 ,IDEPT5127
IU379853,Adelaide,Nielson,Adelaide_Nielson7477@nimogy.biz,11/11/2012,$31 ,IDEPT5408
IU444477,Analise,Potter,Analise_Potter2345@ubusive.com,9/27/2007,$45 ,IDEPT4938
IU935219,Deborah,Salt,Deborah_Salt6222@atink.com,12/28/2002,$38 ,IDEPT1423
IU964095,Chester,Hobbs,Chester_Hobbs7214@tonsy.org,11/19/2012,$40 ,IDEPT4132
IU472107,Chester,Lunt,Chester_Lunt3706@ovock.tech,1/12/2003,$20 ,IDEPT2054
IU399885,Anne,Scott,Anne_Scott6431@eirey.tech,8/24/2000,$47 ,IDEPT2357
IU873858,Phillip,Payne,Phillip_Payne6193@typill.biz,6/21/2000,$26 ,IDEPT4938
IU578559,Anthony,Hudson,Anthony_Hudson2336@grannar.com,1/22/2002,$20 ,IDEPT1423
IU476264,Johnathan,Taylor,Johnathan_Taylor9451@nimogy.biz,12/21/2006,$20 ,IDEPT4132
IU906317,Kieth,Jones,Kieth_Jones10@twipet.com,11/7/2009,$30 ,IDEPT2054
IU206494,Eduardo,Newman,Eduardo_Newman2956@twace.org,3/1/2008,$28 ,IDEPT2357
IU613957,Elle,Farmer,Elle_Farmer3235@atink.com,7/4/2010,$20 ,IDEPT4938
IU303373,Mabel,Yoman,Mabel_Yoman4273@joiniaa.com,5/12/2003,$43 ,IDEPT1423
IU910844,Miriam,Hall,Miriam_Hall2788@zorer.org,11/29/2008,$21 ,IDEPT4132
IU733295,Sebastian,Bryson,Sebastian_Bryson9080@kideod.biz,10/4/2007,$29 ,IDEPT2054
IU359720,Alan,Collins,Alan_Collins5315@guentu.biz,2/13/2004,$20 ,IDEPT2357
IU507081,Piper,Hammond,Piper_Hammond2677@ovock.tech,10/11/2000,$31 ,IDEPT4132
IU250094,Tess,Rowe,Tess_Rowe9966@famism.biz,3/8/2006,$34 ,IDEPT2054
IU929775,Hannah,Reynolds,Hannah_Reynolds2740@yahoo.com,9/2/2009,$48 ,IDEPT2357
IU617264,Luna,Rivers,Luna_Rivers1803@jiman.org,4/9/2007,$26 ,IDEPT4132
IU200457,Amelia,Lee,Amelia_Lee5255@twipet.com,7/30/1999,$41 ,IDEPT2054
IU980084,Rowan,Jennson,Rowan_Jennson5302@elnee.tech,1/22/2012,$20 ,IDEPT2357
IU352515,Melania,Potts,Melania_Potts6421@cispeto.com,11/23/2002,$20 ,IDEPT4132
IU623351,Matt,Fenton,Matt_Fenton7949@sveldo.biz,7/26/2000,$40 ,IDEPT2054
IU194684,Jenna,Wild,Jenna_Wild3229@sveldo.biz,7/9/2007,$32 ,IDEPT2357
IU998793,Rick,Ranks,Rick_Ranks8528@bulaffy.com,3/14/2000,$30 ,IDEPT4132
IU371068,Julius,Uttley,Julius_Uttley9795@gembat.biz,1/31/2007,$20 ,IDEPT2054
IU552382,Chris,Hall,Chris_Hall4463@bulaffy.com,11/2/2010,$45 ,IDEPT2357
IU143787,Bernadette,Brooks,Bernadette_Brooks4009@jiman.org,1/30/2007,$20 ,IDEPT4132
IU909818,Liam,Flynn,Liam_Flynn1196@qater.org,5/9/2005,$20 ,IDEPT2054
IU287527,Roger,Johnson,Roger_Johnson3423@sheye.org,2/5/2002,$41 ,IDEPT2357
IU613561,Nina,Dillon,Nina_Dillon7463@deavo.com,11/17/2010,$20 ,IDEPT4132
IU758488,Danny,Williams,Danny_Williams9832@tonsy.org,5/18/2001,$33 ,IDEPT2054
IU585322,Jamie,Power,Jamie_Power4172@muall.tech,8/25/1999,$38 ,IDEPT2357
IU242030,Maribel,Whinter,Maribel_Whinter3402@kideod.biz,5/20/2010,$20 ,IDEPT4132
IU730124,Helen,Farrell,Helen_Farrell3979@womeona.net,10/26/2011,$32 ,IDEPT2054
IU862686,Bob,Lindsay,Bob_Lindsay3276@sveldo.biz,9/23/2006,$39 ,IDEPT2357
IU931024,Tony,Giles,Tony_Giles7648@corti.com,10/26/2012,$38 ,IDEPT4132
IU683803,Enoch,Forth,Enoch_Forth9942@gompie.com,3/12/2011,$20 ,IDEPT2054
IU616328,Jazmin,Carson,Jazmin_Carson8168@fuliss.net,3/28/2010,$20 ,IDEPT2357
IU510723,Ryan,Simpson,Ryan_Simpson4548@famism.biz,5/6/2001,$20 ,IDEPT4132
IU553615,Jules,Doherty,Jules_Doherty1437@vetan.org,5/22/2014,$45 ,IDEPT2054
IU114836,Alan,Woods,Alan_Woods895@kideod.biz,9/23/2007,$20 ,IDEPT2357
IU867116,Bristol,Simmons,Bristol_Simmons4850@yahoo.com,2/27/2000,$20 ,IDEPT4132
IU935818,Aeris,Hepburn,Aeris_Hepburn3834@deavo.com,12/21/2009,$20 ,IDEPT2054
IU317917,Esmeralda,Willson,Esmeralda_Willson8279@ubusive.com,4/26/2006,$33 ,IDEPT2357
IU556938,Rihanna,Long,Rihanna_Long588@famism.biz,10/6/2003,$20 ,IDEPT4132
IU744313,Rosalie,Richardson,Rosalie_Richardson2314@atink.com,6/24/2009,$46 ,IDEPT2054
IU849114,Julius,Chappell,Julius_Chappell3489@yahoo.com,11/1/2010,$20 ,IDEPT2357
IU625000,Cedrick,Doherty,Cedrick_Doherty4332@eirey.tech,12/17/2009,$20 ,IDEPT4132
IU919255,Jasmine,Speed,Jasmine_Speed8518@tonsy.org,10/22/2010,$44 ,IDEPT2054
IU486083,Lorraine,Hall,Lorraine_Hall8708@iatim.tech,3/16/2001,$20 ,IDEPT2357
IU219101,Davina,Simpson,Davina_Simpson1930@sheye.org,6/19/2005,$47 ,IDEPT4132
IU697995,Anais,Rodgers,Anais_Rodgers5142@mafthy.com,12/12/1999,$46 ,IDEPT2054
IU826801,Melody,Quinton,Melody_Quinton743@fuliss.net,8/24/2010,$23 ,IDEPT2357
IU234435,Abdul,Villiger,Abdul_Villiger3625@infotech44.tech,3/9/2013,$20 ,IDEPT4132
IU413103,Faith,Potts,Faith_Potts3704@deavo.com,6/26/2012,$43 ,IDEPT2054
IU168378,Chester,York,Chester_York5715@nickia.com,3/14/2007,$47 ,IDEPT2357
IU808018,Michael,Cadman,Michael_Cadman5510@famism.biz,7/19/2003,$21 ,IDEPT4132
IU377229,Lindsay,Simpson,Lindsay_Simpson608@hourpy.biz,5/8/2010,$25 ,IDEPT2054
IU570965,Karla,Lloyd,Karla_Lloyd3936@acrit.org,2/10/2004,$48 ,IDEPT2357
IU875236,Lynn,Knight,Lynn_Knight1036@muall.tech,2/21/2010,$20 ,IDEPT4132
IU823846,Eryn,Oakley,Eryn_Oakley4269@qater.org,4/6/2011,$43 ,IDEPT2054
IU369141,Leroy,Boden,Leroy_Boden2423@gompie.com,4/26/2014,$20 ,IDEPT2357
IU336214,Barry,Cadman,Barry_Cadman2713@guentu.biz,1/4/2005,$36 ,IDEPT4132
IU752472,Emerald,Strong,Emerald_Strong1970@deons.tech,1/4/2011,$40 ,IDEPT2054
IU964058,Jaylene,Torres,Jaylene_Torres5776@extex.org,2/2/2006,$33 ,IDEPT2357
IU653069,Julian,Carson,Julian_Carson2609@deons.tech,1/13/2001,$20 ,IDEPT4132
IU274479,Dani,Haines,Dani_Haines3432@cispeto.com,8/26/2013,$45 ,IDEPT2054
IU359728,Kurt,Reese,Kurt_Reese4210@bretoux.com,1/27/2003,$20 ,IDEPT2357
IU470744,Owen,Lloyd,Owen_Lloyd5380@corti.com,3/25/2012,$20 ,IDEPT4132
IU612475,Penny,Drake,Penny_Drake2936@iatim.tech,10/25/2013,$48 ,IDEPT2054
IU590434,Jasmine,Griffiths,Jasmine_Griffiths4248@gembat.biz,10/18/2003,$20 ,IDEPT2357
IU907621,Tess,Yang,Tess_Yang818@elnee.tech,4/30/2002,$20 ,IDEPT4670
IU816094,Sara,Reese,Sara_Reese4004@sveldo.biz,1/3/2004,$22 ,IDEPT5528
IU301584,Michaela,Jarrett,Michaela_Jarrett6917@twace.org,11/1/2003,$42 ,IDEPT3115
IU400785,Kieth,Clifton,Kieth_Clifton5926@infotech44.tech,5/11/2000,$20 ,IDEPT5881
IU701574,Nick,Patel,Nick_Patel8641@bretoux.com,6/5/2013,$46 ,IDEPT4938
IU348623,Carl,Funnell,Carl_Funnell4890@typill.biz,5/20/2002,$23 ,IDEPT1423
IU805948,Dalia,Talbot,Dalia_Talbot766@jiman.org,4/25/2000,$32 ,IDEPT4132
IU436324,Domenic,Wise,Domenic_Wise9647@supunk.biz,3/6/2010,$37 ,IDEPT2054
IU647516,Denis,Stark,Denis_Stark3104@naiker.biz,9/8/2000,$20 ,IDEPT2357
IU543975,Daron,Alcroft,Daron_Alcroft3696@grannar.com,12/30/2006,$32 ,IDEPT1537
IU378028,Mya,Olivier,Mya_Olivier7002@sveldo.biz,12/21/2005,$20 ,IDEPT8379
IU824346,Alexia,Sinclair,Alexia_Sinclair9470@vetan.org,2/14/2014,$28 ,IDEPT1825
IU869235,Julius,Tanner,Julius_Tanner9911@famism.biz,3/22/2002,$25 ,IDEPT8313
IU566285,Boris,Holt,Boris_Holt8124@nimogy.biz,9/27/2004,$20 ,IDEPT2425
IU251361,Eve,Gordon,Eve_Gordon1852@muall.tech,7/30/2012,$20 ,IDEPT1378
IU790540,Danny,Roberts,Danny_Roberts3050@grannar.com,9/24/2007,$42 ,IDEPT5127
IU207673,Elijah,Warner,Elijah_Warner6833@acrit.org,1/20/2011,$21 ,IDEPT5408
IU877680,Adelaide,Hunter,Adelaide_Hunter7586@mafthy.com,2/13/2007,$20 ,IDEPT1142
IU749422,Alison,Stewart,Alison_Stewart1661@irrepsy.com,9/9/2007,$34 ,IDEPT1367
IU245300,Liam,Evans,Liam_Evans6170@naiker.biz,4/13/2002,$20 ,IDEPT7783
IU476083,Zara,Asher,Zara_Asher3188@dionrab.com,3/23/2005,$23 ,IDEPT3062
IU866402,Eduardo,Pierce,Eduardo_Pierce2982@ovock.tech,5/16/2013,$21 ,IDEPT1388
IU879726,Chester,Coleman,Chester_Coleman4846@twipet.com,7/8/2002,$42 ,IDEPT7005
IU572615,Morgan,Andrews,Morgan_Andrews4443@gmail.com,10/29/2010,$20 ,IDEPT1533
IU529594,Dorothy,Dempsey,Dorothy_Dempsey8298@gembat.biz,12/5/2004,$45 ,IDEPT3778
IU602409,Bob,Henderson,Bob_Henderson678@vetan.org,5/14/2011,$37 ,IDEPT4055
IU528393,Christy,Wilkinson,Christy_Wilkinson9393@deons.tech,6/17/2013,$20 ,IDEPT2601
IU915290,Chadwick,Goodman,Chadwick_Goodman4880@supunk.biz,1/6/2001,$21 ,IDEPT1677
IU617258,Rylee,Parr,Rylee_Parr6534@ubusive.com,11/26/2001,$26 ,IDEPT7626
IU440707,Sebastian,Brennan,Sebastian_Brennan9699@fuliss.net,2/15/2006,$24 ,IDEPT5109
IU112687,Sloane,Vallory,Sloane_Vallory2156@nimogy.biz,9/3/2012,$20 ,IDEPT1615
IU479810,Carl,Edley,Carl_Edley248@typill.biz,11/14/2003,$43 ,IDEPT3868
IU303187,Jazmin,Owen,Jazmin_Owen3132@jiman.org,10/23/1999,$28 ,IDEPT6347
IU242313,Lily,Carson,Lily_Carson4202@nimogy.biz,6/11/2012,$27 ,IDEPT8598
IU531414,Ramon,Addley,Ramon_Addley6690@supunk.biz,3/24/2009,$42 ,IDEPT8473
IU227668,Freya,Henderson,Freya_Henderson8212@acrit.org,11/8/2005,$20 ,IDEPT1096
IU528779,Rocco,Saunders,Rocco_Saunders1228@supunk.biz,11/6/1999,$20 ,IDEPT4308
IU874473,Brad,Cork,Brad_Cork2014@fuliss.net,11/15/1999,$20 ,IDEPT1836
IU800953,Wade,Alcroft,Wade_Alcroft4916@nanoff.biz,12/5/2002,$30 ,IDEPT8825
